章节,单词,解释
Chapter-1 ⾃然地理,atmosphere,"n. ⼤⽓层, ⼤⽓圈; ⽓氛"
Chapter-1 ⾃然地理,hydrosphere,n. ⽔圈; ⼤⽓中的⽔⽓;
Chapter-1 ⾃然地理,lithosphere,n. 岩⽯圈
Chapter-1 ⾃然地理,oxygen,n. 氧⽓
Chapter-1 ⾃然地理,oxide,n. 氧化物
Chapter-1 ⾃然地理,carbon dioxide,n. ⼆氧化碳
Chapter-1 ⾃然地理,hydrogen,n. 氢⽓
Chapter-1 ⾃然地理,core,"n. 中⼼, 核⼼; 地核"
Chapter-1 ⾃然地理,crust,n. 地壳; 外壳
Chapter-1 ⾃然地理,mantle,"n. 地幔; ⽃篷, 披⻛ v. 覆盖"
Chapter-1 ⾃然地理,longitude,n. 经度(竖的)
Chapter-1 ⾃然地理,latitude,n. 纬度(横的)
Chapter-1 ⾃然地理,horizon,"n. 地平线; [~s]眼界, ⻅识"
Chapter-1 ⾃然地理,altitude,"n. ⾼度, 海拔"
Chapter-1 ⾃然地理,disaster,n. 灾难
Chapter-1 ⾃然地理,mishap,n. ⼩灾难
Chapter-1 ⾃然地理,catastrophic,adj. 灾难性的
Chapter-1 ⾃然地理,calamity,"n. 灾难, 不幸的事"
Chapter-1 ⾃然地理,endanger,"v. 使遭受危险, 危及"
Chapter-1 ⾃然地理,jeopardise,"v. 危害, 危及"
Chapter-1 ⾃然地理,destructive,"adj. 破坏性的, 有害的"
Chapter-1 ⾃然地理,El Nino,n. 厄尔尼诺现象 (⾚道附近近东太平洋⽔域⼤范围海⽔反常增温、⻥群⼤量死亡的现象)
Chapter-1 ⾃然地理,greenhouse,"n. 温室, 暖房"
Chapter-1 ⾃然地理,phenomenon,n. 现象
Chapter-1 ⾃然地理,pebble,n. 鹅卵⽯
Chapter-1 ⾃然地理,magnet,"n. 磁铁, 吸铁⽯"
Chapter-1 ⾃然地理,ore,n. 矿⽯; 矿
Chapter-1 ⾃然地理,mineral,"n. 矿物, 矿物质; 矿产"
Chapter-1 ⾃然地理,marble,n. ⼤理⽯; (玩具)弹球
Chapter-1 ⾃然地理,quartz,n. ⽯英
Chapter-1 ⾃然地理,granite,n. 花岗岩
Chapter-1 ⾃然地理,gust,n. ⼀阵狂⻛; (感情的)迸发
Chapter-1 ⾃然地理,breeze,"n. 微⻛, 和⻛"
Chapter-1 ⾃然地理,monsoon,n. 季⻛; ⾬季
Chapter-1 ⾃然地理,gale,n. ⼤⻛
Chapter-1 ⾃然地理,hurricane,n. 飓⻛; 暴⻛
Chapter-1 ⾃然地理,tornado,n. ⻰卷⻛
Chapter-1 ⾃然地理,typhoon,n. 台⻛
Chapter-1 ⾃然地理,volcano,n. ⽕⼭
Chapter-1 ⾃然地理,erupt,"v. 爆发, 喷发; (斑疹等)突然出现"
Chapter-1 ⾃然地理,magma,n. 岩浆
Chapter-1 ⾃然地理,thermodynamic,adj. 热⼒的; 热⼒学的
Chapter-1 ⾃然地理,smog,"n. 烟雾, 雾霾"
Chapter-1 ⾃然地理,fume,"n. ~s烟, ⽓体 v. 冒烟, 发怒"
Chapter-1 ⾃然地理,mist,n. 薄雾; ⽔汽; 使视线模糊的东⻄
Chapter-1 ⾃然地理,tsunami,n. 海啸
Chapter-1 ⾃然地理,drought,"n. ⼲旱, 旱灾"
Chapter-1 ⾃然地理,flooding,n. 洪⽔泛滥
Chapter-1 ⾃然地理,torrent,"n. 激流, 洪流"
Chapter-1 ⾃然地理,earthquake,n. 地震
Chapter-1 ⾃然地理,seismic,"adj. 地震的, 地震引起的"
Chapter-1 ⾃然地理,avalanche,n. 雪崩
Chapter-1 ⾃然地理,terrain,n. 地形
Chapter-1 ⾃然地理,landscape,"n. ⻛景, 地貌 v. 对…进⾏景观美化"
Chapter-1 ⾃然地理,continent,n. ⼤陆; 洲
Chapter-1 ⾃然地理,cave,"n. 洞⽳, ⼭洞"
Chapter-1 ⾃然地理,cliff,"n. 悬崖, 峭壁"
Chapter-1 ⾃然地理,glacier,"n. 冰川, 冰河"
Chapter-1 ⾃然地理,swamp,"n. 沼泽, 湿地"
Chapter-1 ⾃然地理,delta,n. 三⻆洲
Chapter-1 ⾃然地理,plain,"n. 平原 adj. 简朴的, 明⽩的"
Chapter-1 ⾃然地理,plateau,n. ⾼原
Chapter-1 ⾃然地理,oasis,n. 绿洲; 宜⼈之地
Chapter-1 ⾃然地理,globe,n. 球体; 地球仪; [the ~]地球
Chapter-1 ⾃然地理,hemisphere,n. 半球
Chapter-1 ⾃然地理,equator,n. ⾚道
Chapter-1 ⾃然地理,arctic,"adj. 极冷的; [A~]北极的 n. [the A~]北极地区, 北极"
Chapter-1 ⾃然地理,Antarctic,"adj. 南极的 n. [the ~]南极地区, 南极洲"
Chapter-1 ⾃然地理,pole,n. (地)极; 截然相反的两极之⼀
Chapter-1 ⾃然地理,polar,"adj. 极地的, 近极地的; 对⽴的"
Chapter-1 ⾃然地理,axis,"n. 轴, 轴线"
Chapter-1 ⾃然地理,deteriorate,"v. 变坏, 恶化"
Chapter-1 ⾃然地理,aggravate,"v. 加重, 加剧, 使恶化"
Chapter-1 ⾃然地理,degrade,"v. 降解; 降低…的身份; 使恶化, 使退化"
Chapter-1 ⾃然地理,upgrade,"v. 使升级; 提⾼, 改善"
Chapter-1 ⾃然地理,erode,"v. 侵蚀, 腐蚀"
Chapter-1 ⾃然地理,Mediterranean,adj. 地中海的; 地中海地区的 n. 地中海; 地中海地区
Chapter-1 ⾃然地理,Atlantic,adj. ⼤⻄洋的 n. [the ~]⼤⻄洋
Chapter-1 ⾃然地理,pacific,"adj. 平静的, 和平的; [P~]太平洋的 n. [the ~]太平洋"
Chapter-1 ⾃然地理,ocean,n. 海洋; (五⼤洋之⼀的)洋
Chapter-1 ⾃然地理,marine,"adj. 海⽣的, 海洋的; 海事的 n. ⽔兵, 海军陆战队⼠兵"
Chapter-1 ⾃然地理,navigation,n. 航⾏; 航海
Chapter-1 ⾃然地理,gulf,n. 海湾
Chapter-1 ⾃然地理,beach,"n. 海滩, 河滩"
Chapter-1 ⾃然地理,coast,"n. 海岸, 海滨"
Chapter-1 ⾃然地理,shore,"n. (海、湖等⼤⽔域的)岸, 滨"
Chapter-1 ⾃然地理,tide,"n. 趋势, 潮流; 潮汐"
Chapter-1 ⾃然地理,current,adj. 当前的; 流通的 n. (河、湖或海的)⽔流; 电流; 趋向
Chapter-1 ⾃然地理,brook,"n. ⼩河, 溪"
Chapter-1 ⾃然地理,stream,"n. ⼩河, 溪; 流 v. 流动, 流出"
Chapter-1 ⾃然地理,source,n. 河的源头; 根源
Chapter-1 ⾃然地理,shallow,"adj. 浅的; 肤浅的, 浅薄的"
Chapter-1 ⾃然地理,superficial,"adj. 表⽪的, 表层的"
Chapter-1 ⾃然地理,flat,adj. 平坦的; 扁平的; 单调的
Chapter-1 ⾃然地理,smooth,adj. 光滑的; 平稳的; 流畅的
Chapter-1 ⾃然地理,rough,adj. 粗糙的; 粗略的
Chapter-1 ⾃然地理,sandy,adj. 铺满沙的; 含沙的
Chapter-1 ⾃然地理,stony,adj. 多⽯的; ⽯头的
Chapter-1 ⾃然地理,vertical,"adj. 垂直的, 直⽴的"
Chapter-1 ⾃然地理,steep,"adj. 陡峭的, 垂直的"
Chapter-1 ⾃然地理,parallel,n. 平⾏线; 相似之物; 相似之处 adj. 平⾏的 v. 与…相似; ⽐的上
Chapter-1 ⾃然地理,narrow,adj. 狭窄的; 有局限的 n. [~s]海峡 v. 变窄
Chapter-1 ⾃然地理,Oceania,n. ⼤洋洲
Chapter-1 ⾃然地理,mainland,"n. ⼤陆, 本⼟"
Chapter-1 ⾃然地理,peninsula,n. 半岛
Chapter-1 ⾃然地理,climate,"n. ⽓候; ⻛⽓, 思潮, 环境"
Chapter-1 ⾃然地理,weather,"n. 天⽓, ⽓象"
Chapter-1 ⾃然地理,meteorology,n. ⽓象学
Chapter-1 ⾃然地理,mild,adj. 温和的; 不严重的
Chapter-1 ⾃然地理,heating,n. 供暖; 暖⽓装置
Chapter-1 ⾃然地理,moderate,adj. 适度的; 温和的; 中等的 v. (使)缓和
Chapter-1 ⾃然地理,warm,adj. 温暖的 v. (使)变暖
Chapter-1 ⾃然地理,thermal,adj. 热量的
Chapter-1 ⾃然地理,tropics,n. [the ~]热带地区
Chapter-1 ⾃然地理,arid,"adj. ⼲燥的, ⼲旱的; 枯燥的"
Chapter-1 ⾃然地理,moist,"adj. 潮湿的, 湿润的"
Chapter-1 ⾃然地理,damp,"adj. 潮湿的, 湿⽓重的"
Chapter-1 ⾃然地理,humid,"adj. 潮湿的, 湿热的"
Chapter-1 ⾃然地理,snowy,"adj. 下雪多的, 被雪覆盖的"
Chapter-1 ⾃然地理,frost,n. 霜; 霜冻; 严寒
Chapter-1 ⾃然地理,hail,"n. 雹, 冰雹 v. 赞扬; 招呼; 下雹"
Chapter-1 ⾃然地理,thaw,"v. 解冻, 融解, 融化 n. 解冻时期"
Chapter-1 ⾃然地理,chill,n. 寒冷; 害怕 v. (使)变冷; 使恐惧
Chapter-1 ⾃然地理,freeze,v. 结冰 n. 霜冻; 严寒期
Chapter-1 ⾃然地理,frigid,adj. 寒冷的
Chapter-1 ⾃然地理,tremble,"v. n. 战栗, 颤抖"
Chapter-1 ⾃然地理,shiver,"v. 颤抖, 哆嗦, 发抖"
Chapter-1 ⾃然地理,thunder,n. 雷; 雷声 v. 打雷; 轰隆隆地快速移动
Chapter-1 ⾃然地理,lightning,"n. 闪电 adj. 闪电般的, 极快的"
Chapter-1 ⾃然地理,stormy,adj. 有暴⻛⾬的; 争吵激烈的; (⼤海)波涛汹涌的
Chapter-1 ⾃然地理,downpour,n. 倾盆⼤⾬
Chapter-1 ⾃然地理,rainfall,n. 降⾬量
Chapter-1 ⾃然地理,sprinkle,"v. 撒, 洒; 下⼩⾬ n. 少量; ⼩⾬"
Chapter-1 ⾃然地理,rainbow,n. 彩虹
Chapter-1 ⾃然地理,shower,n. 阵⾬; (⼀)阵; 淋浴
Chapter-1 ⾃然地理,Celsius,adj. 摄⽒的 n. 摄⽒温度
Chapter-1 ⾃然地理,temperature,n. ⽓温; 体温; 温度
Chapter-1 ⾃然地理,forecast,"n. 预测, 预报 v. 预测; 预⾔"
Chapter-1 ⾃然地理,peak,n. ⼭峰; 顶点 v. 达到最⼤值
Chapter-1 ⾃然地理,mount,"v. 爬上, 登上; 攀登; 渐渐增加 n. [M~]⼭"
Chapter-1 ⾃然地理,mountain,"n. ⼭, ⼭岳, ⾼⼭"
Chapter-1 ⾃然地理,range,n. ⼭脉; 范围
Chapter-1 ⾃然地理,ridge,"n. ⼭脊, ⼭脉 v. 使隆起"
Chapter-1 ⾃然地理,slope,n. ⼭坡; 斜坡 v. 倾斜; 有坡度
Chapter-1 ⾃然地理,valley,"n. ⼭⾕, 溪⾕"
Chapter-1 ⾃然地理,hillside,"n. (⼩⼭的)⼭腰, ⼭坡"
Chapter-1 ⾃然地理,overlook,"v. 俯瞰, 远眺; 未注意到的"
Chapter-1 ⾃然地理,southern,adj. 南部的; 南⽅的
Chapter-1 ⾃然地理,southeast,n. 东南⽅; 东南部 adj. 东南⽅的; 东南部的
Chapter-1 ⾃然地理,southwest,n. ⻄南⽅; ⻄南部 adj. ⻄南⽅的; ⻄南部的
Chapter-1 ⾃然地理,northeast,n. 东北的; 东北部 adj. 东北⽅的; 东北部的
Chapter-1 ⾃然地理,northwest,n. ⻄北⽅; ⻄北部 adj. ⻄北⽅的; ⻄北部的
Chapter-1 ⾃然地理,eastern,adj. 东部的; 东⽅的
Chapter-1 ⾃然地理,oriental,adj. 东⽅的(尤指中国和⽇本的)
Chapter-1 ⾃然地理,inevitable,"adj. 必然的, 不可避免的"
Chapter-1 ⾃然地理,irreversible,adj. 不可逆转的; 不可挽回的
Chapter-1 ⾃然地理,irregularly,adv. 不规则地; 不合常规地
Chapter-1 ⾃然地理,inappropriate,adj. 不合适的
Chapter-1 ⾃然地理,abnormal,"adj. 不正常的, 反常的, 变态的"
Chapter-1 ⾃然地理,sediment,n. 沉淀物; 沉积物
Chapter-1 ⾃然地理,silt,"n. 淤泥, 泥沙 v. (使)淤塞"
Chapter-1 ⾃然地理,muddy,adj. 泥泞的; 浑浊的
Chapter-1 ⾃然地理,clay,"n. 黏⼟, 陶⼟"
Chapter-1 ⾃然地理,dirt,"n. 污垢, 灰尘; 泥⼟"
Chapter-1 ⾃然地理,rural,"adj. 农村的, 乡村的; ⽥园的"
Chapter-1 ⾃然地理,suburb,"n. 郊区, 郊外, 近郊"
Chapter-1 ⾃然地理,outskirts,"n. 郊区, 市郊"
Chapter-1 ⾃然地理,remote,adj. 遥远的; 偏僻的; 疏远的
Chapter-1 ⾃然地理,desolate,adj. 荒凉的
Chapter-1 ⾃然地理,distant,adj. 疏远的; 遥远的
Chapter-1 ⾃然地理,adjacent,"adj. 邻近的, 毗连的"
Chapter-1 ⾃然地理,toxic,adj. 有毒的
Chapter-1 ⾃然地理,pollution,n. 污染
Chapter-1 ⾃然地理,pollutant,n. 污染物质
Chapter-1 ⾃然地理,contaminate,"v. 污染, 弄脏"
Chapter-1 ⾃然地理,geology,n. 地质学; 地质状况
Chapter-1 ⾃然地理,border,n. 边界; 边界地区; 镶边 v. 和…毗邻; 形成…边界
Chapter-1 ⾃然地理,margin,n. 边缘; ⻚⾯空⽩; 余地
Chapter-1 ⾃然地理,fringe,n. 边缘; 刘海⼉ adj. 次要的; ⾮主流的
Chapter-1 ⾃然地理,plate,n. 盘⼦; (地质学中的⼤陆)板块
Chapter-1 ⾃然地理,debris,"n. 碎⽚, 残骸"
Chapter-1 ⾃然地理,crack,v. 破裂; 发出爆裂声 n. 裂缝; 缝隙
Chapter-1 ⾃然地理,gap,"n. 缺⼝, 裂缝; 差距; 空⽩"
Chapter-1 ⾃然地理,splendid,adj. 极好的; 壮观的
Chapter-1 ⾃然地理,grand,adj. 宏⼤的; 豪华的; 宏伟的; 极好的
Chapter-1 ⾃然地理,magnificent,"adj. 壮丽的, 宏伟的, 令⼈印象深刻的"
Chapter-1 ⾃然地理,super,"adj. 超级的, 极好的"
Chapter-1 ⾃然地理,interesting,adj. 有趣的; 引⼈⼊胜的
Chapter-1 ⾃然地理,dramatic,adj. 戏剧的; 引⼈注⽬的
Chapter-1 ⾃然地理,wilderness,n. 荒野
Chapter-1 ⾃然地理,desert,n. 沙漠
Chapter-1 ⾃然地理,deforest,v. 毁掉…森林
Chapter-1 ⾃然地理,barren,"adj. 贫瘠的, 荒芜的; 不结果实的"
Chapter-1 ⾃然地理,fertile,"adj. 肥沃的, 富饶的"
Chapter-1 ⾃然地理,fertilise,v. 施肥于
Chapter-1 ⾃然地理,solar,"adj. 太阳的, ⽇光的"
Chapter-1 ⾃然地理,lunar,"adj. ⽉亮的, ⽉球的"
Chapter-1 ⾃然地理,calendar,n. ⽇历; 历法
Chapter-1 ⾃然地理,sunrise,n. ⽇出
Chapter-1 ⾃然地理,sunset,n. ⽇落
Chapter-1 ⾃然地理,eclipse,n. ⽇⻝; ⽉⻝
Chapter-1 ⾃然地理,dusk,"n. ⻩昏, 傍晚"
Chapter-1 ⾃然地理,heaven,n. 天堂; 极乐(之地); [the ~s]天空
Chapter-1 ⾃然地理,paradise,"n. 天堂; 乐园, 福地"
Chapter-1 ⾃然地理,sunshine,"n. 阳光, ⽇光"
Chapter-1 ⾃然地理,shade,n. 阴影部分; 背阴处 v. 给…遮挡(光线)
Chapter-1 ⾃然地理,shadow,"n. 影⼦, 阴影"
Chapter-1 ⾃然地理,vapour,n. 蒸汽; ⽔汽
Chapter-1 ⾃然地理,evaporate,v. (使)蒸发; 消失
Chapter-1 ⾃然地理,circulate,"v. (使)循环, (使)流通; (信息等)传播"
Chapter-1 ⾃然地理,precipitate,v. (⽔汽等)凝结; 沉淀
Chapter-1 ⾃然地理,reservoir,"n. ⽔库, 蓄⽔池"
Chapter-1 ⾃然地理,waterfall,n. 瀑布
Chapter-1 ⾃然地理,fountain,n. 喷泉; 源泉
Chapter-1 ⾃然地理,spring,n. 春天; 泉⽔; 弹簧
Chapter-1 ⾃然地理,dew,n. 露⽔
Chapter-1 ⾃然地理,pour,v. 倾泻; 倒; (⾬)倾盆⽽下
Chapter-1 ⾃然地理,drain,v. 排空; 流出 n. 耗竭
Chapter-1 ⾃然地理,drip,"v. 滴出; 滴下 n. ⽔滴, 滴液"
Chapter-1 ⾃然地理,drown,v. 淹死; 浸泡
Chapter-1 ⾃然地理,blow,"v. 吹; (⻛吹); 吹动 n. ⽤⼒的⼀击; 打击, 挫折"
Chapter-1 ⾃然地理,puff,"v. 喷出; 喘息 n. (吹出的)⼀股, ⼀缕"
Chapter-1 ⾃然地理,gush,v. n. 涌出
Chapter-1 ⾃然地理,dense,adj. 密集的; 稠密的
Chapter-1 ⾃然地理,intensity,n. 强度; 强烈
Chapter-1 ⾃然地理,intensive,"adj. 加强的, 集中的, 密集的"
Chapter-1 ⾃然地理,emerge,"v. 浮现, 露出; 摆脱出来; 暴露"
Chapter-1 ⾃然地理,flash,v. (使)闪光; (使)闪现; 快速发送 n. 闪光(灯); 闪现
Chapter-1 ⾃然地理,float,v. 飘浮; 漂浮
Chapter-1 ⾃然地理,environment,"n. ⾃然环境; 环境, 周围状况"
Chapter-1 ⾃然地理,surrounding,"adj. 周围的, 附近的"
Chapter-1 ⾃然地理,condition,"n. 条件; 情况, 状态"
Chapter-2 植物研究,situation,"n. 情况, 处境, 形势"
Chapter-2 植物研究,nature,n. ⼤⾃然; 本性; 性质
Chapter-2 植物研究,natural,adj. ⾃然的; 天然的
Chapter-2 植物研究,artificial,adj. ⼈造的
Chapter-2 植物研究,synthetic,"adj. ⼈造的, 合成的 n. [~s]合成物"
Chapter-2 植物研究,petrol,n. [英]汽油
Chapter-2 植物研究,gas,n. ⽓体; [美]汽油
Chapter-2 植物研究,gasoline,n. [美]汽油
Chapter-2 植物研究,petroleum,n. ⽯油
Chapter-2 植物研究,photosynthesis,n. 光合作⽤
Chapter-2 植物研究,respire,v. 呼吸
Chapter-2 植物研究,dioxide,n. ⼆氧化物
Chapter-2 植物研究,vegetation,"n. 植物, 草⽊"
Chapter-2 植物研究,herb,n. 药草; ⾹草
Chapter-2 植物研究,perennial,"n. 多年⽣植物 adj. ⻓期的, 持久的"
Chapter-2 植物研究,botany,n. 植物学
Chapter-2 植物研究,ecology,n. ⽣态学; ⽣态
Chapter-2 植物研究,ecosystem,n. ⽣态系统
Chapter-2 植物研究,eco-friendly,"adj. 对⽣态环境友好的, 不防害⽣态环境的"
Chapter-2 植物研究,horticulture,n. 园艺学; 园艺
Chapter-2 植物研究,organism,"n. 有机体, ⽣物"
Chapter-2 植物研究,genetics,n. 遗传学
Chapter-2 植物研究,mutation,"n. 变异, 突变"
Chapter-2 植物研究,variation,n. 变种; 变异
Chapter-2 植物研究,diversity,"n. 多样性, 多元性"
Chapter-2 植物研究,hybridisation,n. 杂交
Chapter-2 植物研究,classify,v. 分类
Chapter-2 植物研究,reproduce,v. 繁殖
Chapter-2 植物研究,evolve,v. 进化; (使)逐渐形成/演化; (使)发展
Chapter-2 植物研究,fluctuate,"v. 波动, 起伏"
Chapter-2 植物研究,reclaim,"v. 开垦, 开拓, 利⽤"
Chapter-2 植物研究,cultivate,"v. 耕作, 种植; 培养"
Chapter-2 植物研究,sow,v. 播种
Chapter-2 植物研究,harvest,v. 收割 n. 收获; 收成
Chapter-2 植物研究,pluck,v. 拾; 摘
Chapter-2 植物研究,pick,v. 拾; 摘
Chapter-2 植物研究,yield,"n. 产量; 投资收益 v. 出产; 屈服, 服从"
Chapter-2 植物研究,rear,"v. 培养, 抚养; 饲养 n. 后部"
Chapter-2 植物研究,arable,adj. 适于耕种的
Chapter-2 植物研究,plough,n. 犁 v. 耕(地)
Chapter-2 植物研究,spade,"n. 铁锹, 铲⼦;"
Chapter-2 植物研究,rake,n. 耙⼦ v. 耙; 搜索
Chapter-2 植物研究,stack,"n. 堆, 垛 v. 堆积"
Chapter-2 植物研究,heap,n. (⼤⽽杂乱的)堆
Chapter-2 植物研究,bundle,"n. 捆, 包, 束"
Chapter-2 植物研究,bunch,"n. ⼀束(花), ⼀串(钥匙)"
Chapter-2 植物研究,vase,"n. 花瓶, 瓶"
Chapter-2 植物研究,sunlight,n. 阳光
Chapter-2 植物研究,short-day,adj. 短⽇照的
Chapter-2 植物研究,shade-tolerant,adj. 耐阴的
Chapter-2 植物研究,fungus,n. 真菌
Chapter-2 植物研究,mould,n. 霉菌 v. 发霉
Chapter-2 植物研究,pollen,n. 花粉 v. 给…授粉
Chapter-2 植物研究,germinate,v. 发芽; 开始⽣⻓
Chapter-2 植物研究,seed,"n. 种⼦, 籽; 萌芽"
Chapter-2 植物研究,burgeon,"n. 嫩枝, 新芽 v. 急速增⻓; 发芽, 抽枝"
Chapter-2 植物研究,bud,"n. 芽, 苞, 蓓蕾"
Chapter-2 植物研究,flower,n. 花朵 v. 开花
Chapter-2 植物研究,blossom,n. 花朵 v. 开花
Chapter-2 植物研究,bloom,n. 花朵 v. 开花
Chapter-2 植物研究,scent,n. ⽓味; ⾹味 v. 使具有⾹味
Chapter-2 植物研究,aromatic,adj. 芳⾹的
Chapter-2 植物研究,ripen,v. (使)成熟
Chapter-2 植物研究,fruit,v. 结果实 n. 成果; ⽔果; 果实
Chapter-2 植物研究,wither,v. 枯萎
Chapter-2 植物研究,decompose,v. 分解; 腐烂
Chapter-2 植物研究,rot,"v. 腐烂, 腐坏 n. 腐烂"
Chapter-2 植物研究,decay,v. 腐烂
Chapter-2 植物研究,stale,"adj. 不新鲜的; 没有新意的, 陈腐的"
Chapter-2 植物研究,rainforest,n. ⾬林
Chapter-2 植物研究,jungle,"n. (热带)丛林, 密林"
Chapter-2 植物研究,plantation,n. 种植园; 栽植
Chapter-2 植物研究,field,n. 原野; 场地; 野外; ⽥地
Chapter-2 植物研究,terrace,n. 梯⽥; 台阶; 阳台
Chapter-2 植物研究,timber,"n. ⽊材, ⽊料; 林⽊"
Chapter-2 植物研究,charcoal,n. ⽊炭
Chapter-2 植物研究,log,n. 原⽊; ⽇志
Chapter-2 植物研究,logo,"n. 标识, 标志, 徽标"
Chapter-2 植物研究,forestry,n. 林学; 林业
Chapter-2 植物研究,branch,n. 树枝; 分⽀机构; 分店
Chapter-2 植物研究,trunk,n. 树⼲; 躯⼲; ⼤箱⼦
Chapter-2 植物研究,bough,n. ⼤树枝
Chapter-2 植物研究,root,n. 根 v. ⽣根
Chapter-2 植物研究,hay,n. ⼲草
Chapter-2 植物研究,straw,"n. 稻草, ⻨秆; 吸管"
Chapter-2 植物研究,reed,n. 芦苇
Chapter-2 植物研究,thorn,"n. 刺; 棘刺, 荆棘; 带刺的植物; 刺痛;"
Chapter-2 植物研究,weed,n. 杂草; ⽔草; 烟草; v. 给…除杂草;
Chapter-2 植物研究,grass,n. 草; 草地
Chapter-2 植物研究,meadow,n. 草地; 牧场;
Chapter-2 植物研究,lawn,"n. 草地, 草坪;"
Chapter-2 植物研究,olive,n. 橄榄; 橄榄树;
Chapter-2 植物研究,pine,n. 松树; 松⽊;
Chapter-2 植物研究,vine,n. 葡萄藤; 葡萄树
Chapter-2 植物研究,violet,n. 堇菜; 紫罗兰; 紫罗兰⾊;
Chapter-2 植物研究,tulip,n. 郁⾦⾹
Chapter-2 植物研究,mint,n. 薄荷; 薄荷糖; 铸币⼚; v. 铸造(硬币)
Chapter-2 植物研究,reef,"n. 礁, 暗礁;"
Chapter-2 植物研究,alga,n. 海藻; ⽔藻
Chapter-2 植物研究,enzyme,n. 酶;
Chapter-2 植物研究,catalyst,n. 催化剂; 触发因素; 促进因素;
Chapter-2 植物研究,release,v. n. 释放; 发布
Chapter-2 植物研究,emission,"n. 排放, 散发; 排放物, 散发物"
Chapter-2 植物研究,absorb,v. 吸收; 吸引全部注意⼒
Chapter-2 植物研究,circulation,n. 流通; 循环; 流传
Chapter-2 植物研究,exceed,v. 超过; 超越;
Chapter-3 动物保护,uptake,v. 摄⼊; 领会
Chapter-3 动物保护,nutrient,n. 营养物质
Chapter-3 动物保护,energy,n. 精⼒; 能量; 能源
Chapter-3 动物保护,surroundings,n. (周围的)环境
Chapter-3 动物保护,mechanism,n. 构造; 机制
Chapter-3 动物保护,counterbalance,n. 起平衡作⽤的事物; 抗衡⼒ v. 抵消; 对…起平衡作⽤
Chapter-3 动物保护,protect,v. 保护
Chapter-3 动物保护,preserve,v. 保护; 维持(原状); 保存
Chapter-3 动物保护,conservation,n. (对⾃然环境的)保护; 保存
Chapter-3 动物保护,bush fire,n. 林区⼤⽕
Chapter-3 动物保护,extinguish,"v. 熄灭, 扑灭; 使破灭;"
Chapter-3 动物保护,destruct,v. ⾃毁; 破坏
Chapter-3 动物保护,ruin,v. 毁坏; 破坏; 使破产; n. 毁坏; 破产; 祸根; 废墟
Chapter-3 动物保护,perish,"v. 毁灭, 消亡; 腐烂"
Chapter-3 动物保护,demolish,"v. 拆除; 毁坏, 破坏; 推翻"
Chapter-3 动物保护,infringe,v. 侵犯; 违反
Chapter-3 动物保护,undermine,v. 破坏; 逐渐削弱
Chapter-3 动物保护,extinction,"n. 灭绝, 消亡"
Chapter-3 动物保护,pattern,n. 模式; 式样; 底样; 图案
Chapter-3 动物保护,outcome,n. 结果
Chapter-3 动物保护,impact,n. 影响 v. 对…有影响
Chapter-3 动物保护,seasonal,adj. 季节性的
Chapter-3 动物保护,experimental,adj. 实验的; 试验性的
Chapter-3 动物保护,favourable,adj. 给⼈好印象的; 有利的; 赞成的; 肯定的
Chapter-3 动物保护,productive,adj. 多产的; 富有成效的
Chapter-3 动物保护,effective,adj. 有效的; 实际的; 起作⽤的
Chapter-3 动物保护,efficient,adj. 效率⾼的
Chapter-3 动物保护,considerable,adj. 相当多的; 相当⼤的
Chapter-3 动物保护,massive,"adj. 巨⼤的, ⼤规模的, 庞⼤的"
Chapter-3 动物保护,immense,adj. 巨⼤的; 极⼤的
Chapter-3 动物保护,maximal,adj. 最⼤的
Chapter-3 动物保护,minimal,adj. 最⼩的; 极⼩的
Chapter-3 动物保护,optimal,adj. 最优的; 最佳的; 最理想的
Chapter-3 动物保护,biologist,n. ⽣物学家
Chapter-3 动物保护,zoologist,n. 动物学家
Chapter-3 动物保护,ecologist,n. ⽣态学家
Chapter-3 动物保护,botanist,n. 植物学家
Chapter-3 动物保护,mammal,n. 哺乳动物
Chapter-3 动物保护,primate,n. 灵⻓⽬动物
Chapter-3 动物保护,vertebrate,n. 脊椎动物
Chapter-3 动物保护,amphibian,n. 两栖动物; ⽔陆两⽤⻋ adj. 两栖动物的; ⽔陆两⽤⻋的
Chapter-3 动物保护,carnivore,n. ⻝⾁动物
Chapter-3 动物保护,herbivore,n. ⻝草动物
Chapter-3 动物保护,creature,"n. ⽣物, 动物"
Chapter-3 动物保护,wildlife,n. 野⽣动物; 野⽣⽣物
Chapter-3 动物保护,fauna,n. 动物群
Chapter-3 动物保护,flora,n. 植物群
Chapter-3 动物保护,species,n. [单复数同形]物种
Chapter-3 动物保护,flock,n. ⻦群; 兽群 v. 群聚; 蜂拥⽽⾄;
Chapter-3 动物保护,herd,n. 兽群; 畜群;
Chapter-3 动物保护,swarm,"n. 蜂群, ⼀⼤群, ⼈群"
Chapter-3 动物保护,throng,"n. ⼈群, ⼀⼤群⼈ v. 群集"
Chapter-3 动物保护,crowd,n. ⼈群; 观众; ⼀伙⼈
Chapter-3 动物保护,beast,n. 野兽; 性情凶残的⼈; 讨厌⻤;
Chapter-3 动物保护,brute,"n. 畜⽣, 兽; 粗野的⼈; 残暴的⼈;"
Chapter-3 动物保护,cruel,adj. 残酷的; 残忍的; 残暴的;
Chapter-3 动物保护,originate,"v. 发源, 来⾃; 创始"
Chapter-3 动物保护,derive,"v. 起源于, 来⾃; 获得;"
Chapter-3 动物保护,stem,"v. 起源于, 来⾃ n. 茎, 梗"
Chapter-3 动物保护,ancestor,"n. 祖宗, 祖先"
Chapter-3 动物保护,descendant,"n. 后代, 后裔, ⼦孙"
Chapter-3 动物保护,offspring,"n. [单复数同形]后代, ⼦孙; 产物"
Chapter-3 动物保护,subgroup,"n. ⼦群, ⼩群"
Chapter-3 动物保护,feed,"v. 供养; 喂, 饲养; 进⻝"
Chapter-3 动物保护,breed,v. 饲养; 繁殖 n. 品种; 各类
Chapter-3 动物保护,interbreed,"v. 异种交配, 混种, 杂种繁殖"
Chapter-3 动物保护,hybridise,v. 杂交
Chapter-3 动物保护,proliferate,v. 迅速增殖; 剧增
Chapter-3 动物保护,sterility,n. 不⽣育; 不孕
Chapter-3 动物保护,mate,v. 交配 n. 配偶
Chapter-3 动物保护,courtship,n. 求偶
Chapter-3 动物保护,lay,v. 产(卵); 放置; 铺设
Chapter-3 动物保护,hatch,v. n. 孵出; 孵化
Chapter-3 动物保护,brood,n. ⼀窝幼⻦ v. 孵(蛋);
Chapter-3 动物保护,spawn,n. (⻥、蛙等的)卵 v. 产卵; 引起
Chapter-3 动物保护,mature,adj. 成熟的 v. 成熟
Chapter-3 动物保护,skin,n. ⽪肤; 外⽪
Chapter-3 动物保护,claw,n. ⽖; 钳; 螯; ⽖状物
Chapter-3 动物保护,paw,"n. (动物的)脚掌, ⽖⼦"
Chapter-3 动物保护,beak,"n. ⻦喙, ⻦嘴"
Chapter-3 动物保护,fin,n. 鳍
Chapter-3 动物保护,wing,"n. 翅膀, 翼"
Chapter-3 动物保护,plume,n. ⽻⽑
Chapter-3 动物保护,feather,n. ⽻⽑
Chapter-3 动物保护,fur,n. (动物的)⽪⽑; (⽤于制⾐的)⽑⽪
Chapter-3 动物保护,bristle,"n. (猪等的)鬃⽑, (刷⼦的)⽑"
Chapter-3 动物保护,curl,n. 卷(发); 卷曲; 螺旋状物 v. (使)卷曲
Chapter-3 动物保护,insect,n. 昆⾍
Chapter-3 动物保护,worm,n. 蠕⾍
Chapter-3 动物保护,pest,n. 害⾍; 有害动物
Chapter-3 动物保护,parasite,n. 寄⽣⾍
Chapter-3 动物保护,spider,n. 蜘蛛
Chapter-3 动物保护,butterfly,n. 蝴蝶
Chapter-3 动物保护,mosquito,n. 蚊⼦
Chapter-3 动物保护,cricket,n. 蟋蟀
Chapter-3 动物保护,penguin,n. 企鹅
Chapter-3 动物保护,seal,n. 海豹; 图章; 封条 v. 密封
Chapter-3 动物保护,tortoise,n. 陆⻳
Chapter-3 动物保护,turtle,n. 海⻳
Chapter-3 动物保护,whale,n. 鲸⻥ v. 捕鲸; 猛击
Chapter-3 动物保护,kangaroo,n. 袋⿏
Chapter-3 动物保护,camel,n. 骆驼
Chapter-3 动物保护,panda,n. 熊猫
Chapter-3 动物保护,elephant,n. 象
Chapter-3 动物保护,trunk,n. 象⿐
Chapter-3 动物保护,ivory,n. 象⽛
Chapter-3 动物保护,horn,n. (⽜/⽺)⻆; (乐器)号
Chapter-3 动物保护,bear,n. 熊
Chapter-3 动物保护,wolf,n. 狼
Chapter-3 动物保护,dragon,"n. ⻰; 悍妇, ⺟夜叉;"
Chapter-3 动物保护,fox,n. 狐狸; 狡猾的⼈; 狐⽪;
Chapter-3 动物保护,cub,n. 幼兽
Chapter-3 动物保护,calf,"n. 幼⽜, ⼩⽜; 幼兽"
Chapter-3 动物保护,pup,n. 幼⼩动物
Chapter-3 动物保护,lamb,"n. ⼩⽺, 羔⽺"
Chapter-3 动物保护,cattle,n. ⽜
Chapter-3 动物保护,ox,n. 公⽜
Chapter-3 动物保护,bull,n. 公⽜
Chapter-3 动物保护,buffalo,n. ⽔⽜; 野⽜
Chapter-3 动物保护,horse,n. ⻢
Chapter-3 动物保护,zebra,n. 斑⻢
Chapter-3 动物保护,donkey,"n. 驴, 傻⽠"
Chapter-3 动物保护,saddle,n. ⻢鞍
Chapter-3 动物保护,harness,"n. ⻢具, 挽具"
Chapter-3 动物保护,falcon,n. 猎鹰
Chapter-3 动物保护,hawk,n. 鹰
Chapter-3 动物保护,eagle,n. 雕
Chapter-3 动物保护,owl,n. 猫头鹰
Chapter-3 动物保护,swallow,n. 燕⼦
Chapter-3 动物保护,sparrow,n. 麻雀
Chapter-3 动物保护,pigeon,n. 鸽⼦
Chapter-3 动物保护,crow,n. 乌鸦
Chapter-3 动物保护,swan,n. 天鹅
Chapter-3 动物保护,goose,n. 鹅; 鹅⾁
Chapter-3 动物保护,cock,n. 公鸡; 雄禽
Chapter-3 动物保护,mouse,n. ⽼⿏
Chapter-3 动物保护,rat,n. ⽼⿏; 卑鄙的⼈
Chapter-3 动物保护,squirrel,n. 松⿏
Chapter-3 动物保护,hare,n. 野兔
Chapter-3 动物保护,frog,n. 蛙
Chapter-3 动物保护,behaviour,n. ⾏为; 态度; ⾏为⽅式;
Chapter-3 动物保护,bite,v. n. 咬; 叮; 蛰;
Chapter-3 动物保护,sting,"v. 刺, 叮, 螫; n. 剌, 毒刺;"
Chapter-3 动物保护,bark,n. 狗叫声; 树⽪; v. 狗叫; 吼叫;
Chapter-3 动物保护,roar,"n. v. 吼叫, 咆哮"
Chapter-3 动物保护,rub,"v. 擦, 摩擦, 涂抹; n. 困难, 障碍"
Chapter-3 动物保护,creep,"v. 缓慢地⾏进, 蹑⼿蹑脚地移动;"
Chapter-3 动物保护,crawl,"v. 爬, 爬⾏; 卑躬屈膝, 巴结"
Chapter-3 动物保护,habitat,n. (动植物的)栖息地; ⽣活环境;
Chapter-3 动物保护,nest,"n. 巢, 窝, ⽳"
Chapter-3 动物保护,hive,n. 蜂巢; 蜂箱; 蜂群; 喧闹地区;
Chapter-3 动物保护,cell,n. 细胞; 蜂房巢室; 单⼈牢房
Chapter-3 动物保护,cage,n. 笼⼦
Chapter-3 动物保护,stable,n. ⻢厩; ⽜棚 adj. 稳定的; 稳固的
Chapter-3 动物保护,barn,n. ⾕仓; 牲⼝棚
Chapter-3 动物保护,hedge,n. 树篱; 障碍物
Chapter-3 动物保护,barrier,"n. 障碍; 屏障, 障碍物"
Chapter-3 动物保护,bar,"n. 栅, 栏杆; 条, ⻓块; 酒吧"
Chapter-3 动物保护,anatomy,n. 解剖学; 解剖; 剖析
Chapter-3 动物保护,epidemic,n. 流⾏病; 盛⾏ adj. 流⾏性的; 极为盛⾏的
Chapter-3 动物保护,gene,n. 基因
Chapter-3 动物保护,germ,"n. 细菌, 微⽣物"
Chapter-3 动物保护,bacteria,n. 细菌
Chapter-3 动物保护,virus,n. 病毒
Chapter-3 动物保护,microbe,n. 微⽣物
Chapter-3 动物保护,metabolism,n. 新陈代谢
Chapter-3 动物保护,protein,n. 蛋⽩质
Chapter-3 动物保护,vitamin,n. 维⽣素
Chapter-3 动物保护,secrete,v. 分泌
Chapter-3 动物保护,excrete,v. 排泄; 分泌
Chapter-3 动物保护,devour,v. 吞⻝; 吞噬; 狼吞⻁咽地吃;
Chapter-3 动物保护,instinct,"n. 本能, 天性; 直觉"
Chapter-3 动物保护,intuitive,adj. 直觉的
Chapter-3 动物保护,potential,n. 潜⼒ adj. 潜在的
Chapter-3 动物保护,intelligence,"n. 智慧, 智⼒, 智能; 情报, 谍报"
Chapter-3 动物保护,functional,adj. 功能的; 起作⽤的
Chapter-3 动物保护,sensitive,adj. 灵敏的; 过敏的; 敏感的
Chapter-4 太空探索,flexible,"adj. 可弯曲的; 灵活的, 易变通的"
Chapter-4 太空探索,acoustic,adj. 听觉的; 声⾳的
Chapter-4 太空探索,optical,adj. 光学的; 视觉的
Chapter-4 太空探索,nocturnal,adj. 夜间发⽣的; 夜间活动的
Chapter-4 太空探索,dormant,adj. 睡着的; 休眠的; 冬眠的
Chapter-4 太空探索,hibernation,n. 冬眠
Chapter-4 太空探索,track,"v. 追踪 n. ⾜迹, 踪迹; 轨道"
Chapter-4 太空探索,trace,v. 追踪; 查出; 追溯 n. 痕迹; 少许
Chapter-4 太空探索,alternate,"n. 交替, 轮流;"
Chapter-4 太空探索,prey,n. 被捕⻝的动物; 猎物; 捕⻝ v. 捕⻝; 欺凌
Chapter-4 太空探索,predator,n. 捕⻝者; 掠夺者;
Chapter-4 太空探索,victim,n. 受害者; 牺牲者; 遇难者
Chapter-4 太空探索,captive,"n. 俘虏; adj. 被监禁的, 被关押的"
Chapter-4 太空探索,defensive,adj. 防御性的
Chapter-4 太空探索,undergo,v. 经历; 承受;
Chapter-4 太空探索,suffer,v. 受苦; 忍受; 变差;
Chapter-4 太空探索,vulnerable,adj. 脆弱的; 易受伤的; 易受影响的
Chapter-4 太空探索,subsistence,"n. 勉强维持⽣活, 存活; ⽣计"
Chapter-4 太空探索,exist,v. 存在; ⽣存
Chapter-4 太空探索,exterminate,"v. 消灭, 根除"
Chapter-4 太空探索,tame,v. 驯服; 制服 adj. 驯服的; 乏味的
Chapter-4 太空探索,keeper,n. 看守⼈; 饲养员
Chapter-4 太空探索,shepherd,"n. 牧⽺⼈, ⽺倌; 牧师"
Chapter-4 太空探索,galaxy,n. 星系; 银河系
Chapter-4 太空探索,cosmos,n. 宇宙
Chapter-4 太空探索,universe,"n. 宇宙; 万物, 世界"
Chapter-4 太空探索,interstellar,adj. 星际的
Chapter-4 太空探索,terrestrial,adj. 陆地的; 地球的
Chapter-4 太空探索,celestial,adj. 天上的
Chapter-4 太空探索,astronomy,n. 天⽂学
Chapter-4 太空探索,astrology,n. 占星术; 占星学; 原始天⽂学
Chapter-4 太空探索,astronaut,n. 宇航员
Chapter-4 太空探索,comet,n. 彗星
Chapter-4 太空探索,meteorite,n. 陨⽯
Chapter-4 太空探索,crater,n. (撞击或爆炸形成的)坑
Chapter-4 太空探索,dust,"n. 尘⼟, 灰尘, 粉尘"
Chapter-4 太空探索,ash,n. 灰烬
Chapter-4 太空探索,envelope,"n. 外层, 信封; 封⽪; 包裹物;"
Chapter-4 太空探索,chunk,n. 厚块
Chapter-4 太空探索,spacecraft,n. 宇宙⻜船
Chapter-4 太空探索,spaceship,n. 宇宙⻜船
Chapter-4 太空探索,probe,n. 太空探测器; 调查
Chapter-4 太空探索,module,n. 模块; 组件; (宇宙⻜船上各个独⽴的)舱
Chapter-4 太空探索,propulsion,n. 推进⼒; 推进
Chapter-4 太空探索,pressure,n. 压⼒
Chapter-4 太空探索,dynamics,n. 动⼒学; 动态
Chapter-4 太空探索,vent,n. 排⽓⼝ v. 排放; 发泄
Chapter-4 太空探索,tail,n. 尾部
Chapter-4 太空探索,curve,"n. 曲线, 弧线"
Chapter-4 太空探索,exploration,n. 探索
Chapter-4 太空探索,expedition,"n. 探险, 远征"
Chapter-4 太空探索,flyby,"n. ⻜掠, ⻜越"
Chapter-4 太空探索,observatory,n. 天⽂台
Chapter-4 太空探索,telescope,n. 望远镜
Chapter-4 太空探索,spectacle,"n. 奇观, 壮观的景像"
Chapter-4 太空探索,orbit,n. 轨道
Chapter-4 太空探索,ecliptic,n. ⻩道
Chapter-4 太空探索,diameter,n. 直径
Chapter-4 太空探索,radius,n. 半径
Chapter-4 太空探索,substance,"n. 物质; 实质, 要旨"
Chapter-4 太空探索,composition,"n. 成分, 构成; 作品; 创作"
Chapter-4 太空探索,compound,"n. 混合物; 化合物 adj. 复合的, 组合的 v. 混合"
Chapter-4 太空探索,fossil,n. 化⽯
Chapter-4 太空探索,sample,"n. 样品, 样本"
Chapter-4 太空探索,specimen,"n. 样本, 样品"
Chapter-4 太空探索,particle,"n. 颗粒, 微粒, 极⼩量"
Chapter-4 太空探索,molecule,n. 分⼦
Chapter-4 太空探索,atom,n. 原⼦
Chapter-4 太空探索,ion,n. 离⼦
Chapter-5 学校教育,electron,n. 电⼦
Chapter-5 学校教育,quantum,n. 量⼦
Chapter-5 学校教育,liquid,n. 液体 adj. 液态的
Chapter-5 学校教育,fluid,"n. 液体, 流体 adj. 流动的"
Chapter-5 学校教育,solid,n. 固体
Chapter-5 学校教育,synthesise,v. 合成; 综合
Chapter-5 学校教育,formation,n. 形成
Chapter-5 学校教育,method,n. ⽅法
Chapter-5 学校教育,spectrum,n. 光谱; 范围
Chapter-5 学校教育,dimension,n. 范围; 维度
Chapter-5 学校教育,frequency,n. 频率; 发⽣次数
Chapter-5 学校教育,signal,n. 信号
Chapter-5 学校教育,antenna,n. 天线
Chapter-5 学校教育,circuit,"n. 线路, 电路, 巡回"
Chapter-5 学校教育,refraction,n. 折射
Chapter-5 学校教育,ultraviolet,n. 紫外辐射 adj. 此外线的
Chapter-5 学校教育,radioactive,adj. 放射性的
Chapter-5 学校教育,distinct,adj. 明显的; 截然不同的
Chapter-5 学校教育,discernible,"adj. 可辨别的, 看得清的"
Chapter-5 学校教育,invisible,adj. 看不⻅的
Chapter-5 学校教育,collision,n. 碰撞事故; 冲突;
Chapter-5 学校教育,squash,v. 压扁 n. 壁球; 南⽠⼩果
Chapter-5 学校教育,fragment,"n. 碎⽚, ⽚断 v. 碎裂"
Chapter-5 学校教育,cataclysmic,adj. 剧变的; 灾难性的
Chapter-5 学校教育,overwhelming,adj. 压倒性的
Chapter-5 学校教育,despair,v. n. 绝望
Chapter-5 学校教育,desperate,adj. 绝望的; 极需要的
Chapter-5 学校教育,hopeless,adj. ⽆望的; 极差的
Chapter-5 学校教育,education,n. 教育; 教育学
Chapter-5 学校教育,primary,adj. 主要的; 最初的; ⼩学教育的
Chapter-5 学校教育,secondary,adj. 中等教育的; 次要的
Chapter-5 学校教育,university,n. ⼤学
Chapter-5 学校教育,college,n. 学院
Chapter-5 学校教育,institute,"n. 研究所, 学院"
Chapter-5 学校教育,academy,n. 专科院校; 研究院; 学会
Chapter-5 学校教育,learn,v. 学习; 得知
Chapter-5 学校教育,study,v. n. 学习; 研究
Chapter-5 学校教育,acquire,v. 获得(技能、知识等); 购得
Chapter-5 学校教育,knowledge,"n. 知识, 学识; 知悉"
Chapter-5 学校教育,expertise,"n. 专⻔知识, 专⻔技术"
Chapter-5 学校教育,novice,n. 新⼿; 初学者
Chapter-5 学校教育,recruit,v. 吸收(新成员)
Chapter-5 学校教育,literate,adj. 有读写能⼒的
Chapter-5 学校教育,illiteracy,n. ⽂盲
Chapter-5 学校教育,numerate,"adj. 识数的, 有计算能⼒的"
Chapter-5 学校教育,problem,"n. 问题, 习题"
Chapter-5 学校教育,issue,"n. 发⾏; 重要问题 v. 公布, 发出"
Chapter-5 学校教育,affair,n. 事务; 事件
Chapter-5 学校教育,controversial,adj. 有争议的
Chapter-5 学校教育,puzzle,n. 难题; 谜; 智⼒游戏 v. 迷惑; 苦苦思索
Chapter-5 学校教育,riddle,n. 谜语; 谜
Chapter-5 学校教育,obscure,adj. 难以理解的
Chapter-5 学校教育,instil,v. 逐步灌输
Chapter-5 学校教育,cram,"v. 把…塞进, 挤满; (为应考)临时死记硬背;"
Chapter-5 学校教育,emphasise,"v. 强调, 着重"
Chapter-5 学校教育,enhance,"v. 提⾼, 增强; 改进"
Chapter-5 学校教育,enable,v. 能够
Chapter-5 学校教育,inspire,v. ⿎舞; 启发; 给…灵感
Chapter-5 学校教育,motive,"n. 动机, 缘由"
Chapter-5 学校教育,motivate,"v. 激发, 驱使"
Chapter-5 学校教育,stimulate,v. 刺激; 激励
Chapter-5 学校教育,spur,n. ⻢刺; 鞭策; 激励; v. ⿎动; 激励;
Chapter-5 学校教育,impetus,"n. 推动, 促进; 动量"
Chapter-5 学校教育,indulge,"v. 迁就, 放任; 纵容; 使满⾜; 沉溺于;"
Chapter-5 学校教育,spoil,v. 宠坏; 弄糟; 溺爱; 犒赏; 善待;
Chapter-5 学校教育,abuse,"v. n. 虐待, 辱骂; 滥⽤;"
Chapter-5 学校教育,intelligent,"adj. 聪明的, 有才智的; 智能的;"
Chapter-5 学校教育,clever,adj. 聪明的; 精明的;
Chapter-5 学校教育,smart,adj. 聪明的; 敏捷的;
Chapter-5 学校教育,all-round,adj. 全⾯的; 多⽅⾯的; 综合性的; 多才多艺的;
Chapter-5 学校教育,genius,n. 天才⼈物; 天赋
Chapter-5 学校教育,elite,n. 精英⼈物; 精华; 上层⼈⼠
Chapter-5 学校教育,idiot,"n. ⽩痴, 傻⽠"
Chapter-5 学校教育,wisdom,n. 智慧; 学问
Chapter-5 学校教育,wit,"n. 机智, ⻛趣; 智慧; ⻛趣的⼈"
Chapter-5 学校教育,aptitude,n. 天赋; 才能;
Chapter-5 学校教育,capable,"adj. 有能⼒的, 有才能的"
Chapter-5 学校教育,excellent,"adj. 优秀的, 极好的, 杰出的"
Chapter-5 学校教育,outstanding,adj. 优秀的; 突出的; 杰出的
Chapter-5 学校教育,brilliant,adj. 光辉的; 聪颖的; 明亮的; ⾮常好的
Chapter-5 学校教育,prestige,"n. 威望, 声望"
Chapter-5 学校教育,reputation,"n. 名誉, 声誉"
Chapter-5 学校教育,eminent,adj. 著名的; 杰出的
Chapter-5 学校教育,notorious,adj. 臭名昭著的; 臭名远扬的; 声名狼藉的; 恶名昭著;
Chapter-5 学校教育,esteem,"v. n. 尊重, 敬重;"
Chapter-5 学校教育,respect,"n. v. 尊敬, 敬重"
Chapter-5 学校教育,diligent,adj. 勤奋的; 勤勉的
Chapter-5 学校教育,painstaking,"adj. ⾟苦的, 劳苦的"
Chapter-5 学校教育,skill,"n. 技能, 技巧"
Chapter-5 学校教育,approach,"v. 接近, 临近 n. ⽅法"
Chapter-5 学校教育,scheme,"n. 计划, ⽅案; 阴谋 v. 密谋; 谋划"
Chapter-5 学校教育,headmaster,n. [英]男校⻓
Chapter-5 学校教育,principal,"n. 美校⻓; [英]⼤学校⻓, 学院院⻓ adj. ⾸要的"
Chapter-5 学校教育,dean,"n. (⼤学的)学院院⻓, 系主任"
Chapter-5 学校教育,faculty,"n. (⼤学的)系, 院; 美全体成员"
Chapter-5 学校教育,professor,n. 教授
Chapter-5 学校教育,scholar,n. 学者
Chapter-5 学校教育,scientist,n. 科学家
Chapter-5 学校教育,mentor,n. 导师; 顾问
Chapter-5 学校教育,tutor,n. 家庭教师; 导师
Chapter-5 学校教育,lecturer,n. 讲师
Chapter-5 学校教育,assistant,"n. 助理, 助⼿"
Chapter-5 学校教育,candidate,n. 候选⼈; 求职者; [英]考⽣
Chapter-5 学校教育,degree,n. 学位; 程度; 级别
Chapter-5 学校教育,qualify,v. 具备资格; 使有权
Chapter-5 学校教育,certify,v. 证明; 颁发结业证书
Chapter-5 学校教育,license,"n. 执照, 许可证"
Chapter-5 学校教育,permit,n. 许可证 v. 允许
Chapter-5 学校教育,diploma,n. 毕业⽂凭
Chapter-5 学校教育,diplomat,n. 外交官; 善于交际的⼈
Chapter-5 学校教育,ambassador,n. ⼤使; 使节
Chapter-5 学校教育,pupil,n. ⼩学⽣; 瞳孔
Chapter-5 学校教育,graduate,n. ⼤学毕业⽣; 毕业⽣ v. ⼤学毕业
Chapter-5 学校教育,ceremony,n. 典礼; 礼节
Chapter-5 学校教育,bachelor,n. 单身汉; 学⼠;
Chapter-5 学校教育,master,n. ⼤师; 硕⼠ v. 精通; 控制
Chapter-5 学校教育,doctor,n. 博⼠; 医⽣
Chapter-5 学校教育,fresher,n. [英]⼀年级新⽣
Chapter-5 学校教育,sophomore,n. ⼆年级学⽣
Chapter-5 学校教育,junior,n. 三年级学⽣ adj. ⻘少年的; 级别较低的
Chapter-5 学校教育,senior,n. 毕业班学⽣; 较年⻓者 adj. 成⼈的; 级别⾼的
Chapter-5 学校教育,alumni,"n. 毕业⽣, 校友"
Chapter-5 学校教育,campus,"n. 校园, 校区"
Chapter-5 学校教育,orientation,"n. 情况介绍, 迎新会; ⽅向"
Chapter-5 学校教育,platform,n. 平台; 讲台
Chapter-5 学校教育,coed,adj. 男⼥同校的 n. ⼥⽣
Chapter-5 学校教育,register,"v. 登记, 注册 n. 登记表, 注册簿"
Chapter-5 学校教育,roster,"n. 花名册, 登记表; 执勤表"
Chapter-5 学校教育,enrol,v. 登记; 注册; 招收
Chapter-5 学校教育,matriculation,"n. 注册⼊⼤学, 录取⼊学"
Chapter-5 学校教育,accommodation,n. 住处; ⻝宿招待
Chapter-5 学校教育,dorm,n. 宿舍
Chapter-5 学校教育,dining hall,n. ⻝堂
Chapter-5 学校教育,canteen,n. ⻝堂; ⽔壶
Chapter-5 学校教育,laboratory,"n. 实验室, 研究室"
Chapter-5 学校教育,experiment,n. 实验; 试验
Chapter-5 学校教育,data,n. 数据
Chapter-5 学校教育,quantity,n. 数量
Chapter-5 学校教育,quality,n. 质量
Chapter-5 学校教育,library,n. 图书馆
Chapter-5 学校教育,literature,n. ⽂学; ⽂学作品; ⽂献
Chapter-5 学校教育,article,n. ⽂章; 论⽂
Chapter-5 学校教育,author,"n. 作者, 作家"
Chapter-5 学校教育,tale,"n. 故事, 传说"
Chapter-5 学校教育,fiction,"n. ⼩说; 虚构, 杜撰"
Chapter-5 学校教育,story,"n. 故事, ⼩说"
Chapter-5 学校教育,diary,n. ⽇记; ⽇记簿
Chapter-5 学校教育,poetry,n. 诗歌; 诗集; 诗意;
Chapter-5 学校教育,journal,"n. ⽇报, 周报; 杂志; ⽇志"
Chapter-5 学校教育,coverage,n. 新闻报道; 覆盖范围
Chapter-5 学校教育,bibliography,"n. 参考书⽬, 索引"
Chapter-5 学校教育,encyclopedia,n. 百科全书
Chapter-5 学校教育,biography,n. 传记
Chapter-5 学校教育,documentary,n. 纪录⽚ adj. 纪录的
Chapter-5 学校教育,series,n. ⼀系列; 连续; 串联
Chapter-5 学校教育,record,n. 记录; 履历
Chapter-5 学校教育,file,n. 档案; ⽂件 v. 把…归档
Chapter-5 学校教育,profile,n. 概述; ⼈物简介; 侧⾯轮廓
Chapter-5 学校教育,draft,n. 草稿; 汇票 v. 起草
Chapter-5 学校教育,sketch,n. 概略; 草图 v. 起草; 速写
Chapter-5 学校教育,brochure,n. ⼩册⼦; ⼿册
Chapter-5 学校教育,manual,"n. 使⽤⼿册, 指南 adj. ⼿⼯的"
Chapter-5 学校教育,frame,n. 框架; 构架; 眼镜框
Chapter-5 学校教育,index,n. 指数; 指标; 索引 v. 为…编索引
Chapter-5 学校教育,catalogue,n. ⽬录
Chapter-5 学校教育,category,"n. 种类, 类别; 范畴; 类⽬"
Chapter-5 学校教育,inventory,n. 库存; 详细⽬录
Chapter-5 学校教育,content,n. 内容; ⽬录; 含量 adj. 满⾜的
Chapter-5 学校教育,context,"n. 上下⽂, 语境; 背景, 来⻰去脉"
Chapter-5 学校教育,list,"n. 列表, ⼀览表, ⽬录 v. 列举; 把…列⼊单⼦"
Chapter-5 学校教育,chapter,n. (书的)章; (⼈⽣或历史的)重要时期
Chapter-5 学校教育,volume,n. 体积; ⾳响; ⼀卷; 容积
Chapter-5 学校教育,reel,n. 卷轴; 卷筒; ⼀卷胶卷
Chapter-5 学校教育,subject,n. 科⽬; 主题; 实验对象; 话题
Chapter-5 学校教育,object,n. 物体; ⽬标; 对象 v. 反对
Chapter-5 学校教育,major,"n. 主修科⽬, 专业 v. 主修 adj. 主要的"
Chapter-5 学校教育,minor,n. 辅修科⽬ adj. 不严重的
Chapter-5 学校教育,sociology,n. 社会学
Chapter-5 学校教育,politics,n. 政治学; 政治; 政治事务
Chapter-5 学校教育,economics,n. 经济学
Chapter-5 学校教育,marketing,n. 市场营销
Chapter-5 学校教育,accounting,n. 会计; 记账
Chapter-5 学校教育,audit,n. 审计; 检查 v. 审核; 旁听
Chapter-5 学校教育,statistics,n. 统计学
Chapter-5 学校教育,psychology,n. ⼼⾥学; ⼼理特征
Chapter-5 学校教育,philosophy,n. 哲学
Chapter-5 学校教育,logic,n. 逻辑; 逻辑学
Chapter-5 学校教育,biology,n. ⽣物学; ⽣命机理
Chapter-5 学校教育,physics,n. 物理学
Chapter-5 学校教育,chemistry,n. 化学
Chapter-5 学校教育,agriculture,n. 农业; 农业学
Chapter-5 学校教育,logistics,n. 物流; 后勤
Chapter-5 学校教育,geography,n. 地理学; 地形; 地势
Chapter-5 学校教育,history,n. 历史; 历史学
Chapter-5 学校教育,engineering,n. ⼯程学; ⼯程
Chapter-5 学校教育,mechanics,n. ⼒学; 机械学
Chapter-5 学校教育,electronics,n. 电⼦学; 电⼦器件
Chapter-5 学校教育,maths,n. 数学; 运算
Chapter-5 学校教育,arithmetic,n. 算数
Chapter-5 学校教育,geometry,n. ⼏何学
Chapter-5 学校教育,algebra,"n. 代数学, 代数"
Chapter-5 学校教育,calculus,n. 微积分; 结⽯
Chapter-5 学校教育,plus,"prep. 加上 adj. 正数的, 在零以上的"
Chapter-5 学校教育,sum,"n. 总数, 总和; ⾦额"
Chapter-5 学校教育,total,"adj. 总的, 全部的 n. 总数"
Chapter-5 学校教育,merge,"n. 合并, 归并"
Chapter-5 学校教育,equation,"n. 相等; 平衡, 综合体; ⽅程式, 等式"
Chapter-5 学校教育,identical,adj. 同⼀的
Chapter-5 学校教育,minus,"adj. 负的, 零以下的 prep. 减去"
Chapter-5 学校教育,subtract,v. 减去; 扣除; 减
Chapter-5 学校教育,multiply,"v. 乘, 使相乘; 成倍增加; 繁殖"
Chapter-5 学校教育,divide,v. 除以; 除
Chapter-5 学校教育,dividend,n. 被除数
Chapter-5 学校教育,remainder,n. 余数; 剩余部分
Chapter-5 学校教育,rational,n. 有理数 adj. 有理的
Chapter-5 学校教育,parameter,n. 参数; 限定因素
Chapter-5 学校教育,variable,n. 变量; 可变因素 adj. 易变的
Chapter-5 学校教育,even,adj. 偶数的; 均匀的; 相等的 adv. 甚⾄
Chapter-5 学校教育,odd,adj. 奇数的; 古怪的
Chapter-5 学校教育,mean,"n. 平均数, 平均值 adj. 平均的 v. 意思是…"
Chapter-5 学校教育,double,"adj. 两倍的 n. 两倍数, 两倍量 v. 加倍"
Chapter-5 学校教育,triple,"adj. 三倍的, 三重的 v. 增⾄三倍"
Chapter-5 学校教育,quadruple,adj. 四倍的 n. 四位 v. 成四倍
Chapter-5 学校教育,multiple,"n. 倍数 adj. 多样的, 数量多的"
Chapter-5 学校教育,maximum,"n. 最⼤值, 最⼤限度"
Chapter-5 学校教育,minimum,"n. 最⼩值, 最⼩限度"
Chapter-5 学校教育,approximately,adv. ⼤约; 近似
Chapter-5 学校教育,chart,n. 图表; 海图
Chapter-5 学校教育,graph,n. 图表
Chapter-5 学校教育,diagram,n. 图表
Chapter-5 学校教育,table,n. 表格; 桌⼦
Chapter-5 学校教育,matrix,n. 矩阵; 模型; 铸模
Chapter-5 学校教育,rectangle,"n. ⻓⽅形, 矩形"
Chapter-5 学校教育,cube,"n. ⽴⽅体; ⽴⽅, 三次幂; ⽴⽅形的东⻄"
Chapter-5 学校教育,angle,n. ⻆度; ⻆
Chapter-5 学校教育,triangle,n. 三⻆形; 三⻆关系
Chapter-5 学校教育,diagonal,adj. 对⻆线的; 斜纹的 n. 对⻆线; 斜纹织物
Chapter-5 学校教育,straight,adj. 直的 adv. 笔直的; 直接
Chapter-5 学校教育,circle,n. 圆
Chapter-5 学校教育,round,adj. 圆的 n. 绕圆; ⼀轮 adv. 环绕
Chapter-5 学校教育,dot,"n. 点, 圆点 v. 在…上打点"
Chapter-5 学校教育,sphere,"n. 球体; 球状物; 范围, 领域"
Chapter-5 学校教育,cone,n. 圆锥体; 锥形物
Chapter-5 学校教育,extent,"n. ⼴度, 范围; 程度"
Chapter-5 学校教育,width,n. 宽度
Chapter-5 学校教育,length,n. ⻓度
Chapter-5 学校教育,decimal,adj. ⼩数的; ⼗进位的 n. ⼩数
Chapter-5 学校教育,per cent,n. 百分之…; 百分⽐
Chapter-5 学校教育,proportion,n. ⽐例
Chapter-5 学校教育,rate,"n. ⽐率, 率, 速度"
Chapter-5 学校教育,ratio,n. ⽐率
Chapter-5 学校教育,fraction,n. 分数; ⼩部分; ⽚断
Chapter-5 学校教育,scale,"n. 规模, 等级; ⽐例尺; 鳞 v. 攀登"
Chapter-5 学校教育,ounce,n. 盎司; 少量
Chapter-5 学校教育,density,n. 密度; 浓度
Chapter-5 学校教育,Fahrenheit,adj. 华⽒温度计的; 华⽒的
Chapter-5 学校教育,mercury,"n. ⽔银, 汞; [M~]⽔星"
Chapter-5 学校教育,battery,n. 电池; ⼀组
Chapter-5 学校教育,volt,n. 伏特
Chapter-5 学校教育,radiate,"v. 辐射, 发散; 从中⼼向四周散开"
Chapter-5 学校教育,emit,v. 散发; 发出
Chapter-5 学校教育,transparent,adj. 透明的; 易看穿的
Chapter-5 学校教育,hollow,adj. 空⼼的; 中空的 v. 挖空
Chapter-5 学校教育,ozone,n. 臭氧
Chapter-5 学校教育,gravity,n. 重⼒; 地球引⼒
Chapter-5 学校教育,friction,n. 摩擦; 摩擦⼒; 不和; ⽭盾
Chapter-5 学校教育,eccentric,adj. 不同圆⼼的; 古怪的
Chapter-5 学校教育,displace,"v. 替换, 取代; 移动…的位置"
Chapter-5 学校教育,boil,"v. 煮沸, 沸腾 n. 沸点"
Chapter-5 学校教育,melt,v. 融化; 熔化
Chapter-5 学校教育,dissolve,v. 溶解; 解散
Chapter-5 学校教育,rust,"n. 锈, 铁锈 v. ⽣锈"
Chapter-5 学校教育,ferment,n. 发酵; 骚动 v. 酶; 发酵; 动乱
Chapter-5 学校教育,dilute,"v. 冲淡, 稀释 adj. 稀释了的; 减弱了的"
Chapter-5 学校教育,acid,"n. 酸 adj. 尖酸的, 刻薄的; 讽刺的"
Chapter-5 学校教育,noxious,"adj. 有害的, 有毒的"
Chapter-5 学校教育,static,adj. 静态的; 静⼒的
Chapter-5 学校教育,inert,adj. 迟钝的; 惰性的; 不活泼的
Chapter-5 学校教育,inherent,"adj. 内在的, 固有的"
Chapter-5 学校教育,formula,"n. 公式, ⽅程式; 原则; 配⽅"
Chapter-5 学校教育,component,"n. 组成部分, 成分; adj. 组成的, 构成的;"
Chapter-5 学校教育,compose,"v. 构成, 组成; 创作; 撰写"
Chapter-5 学校教育,mixture,n. 混合; 混合物
Chapter-5 学校教育,blend,v. 混合; 交融 n. 混合物
Chapter-5 学校教育,theory,n. 理论; 学说
Chapter-5 学校教育,empirical,adj. 以实验为依据的; 经验主义的
Chapter-5 学校教育,practical,adj. 实际的; 有⽤的; 务实的; ⼼灵⼿巧的
Chapter-5 学校教育,doctrine,n. 学说; 教义; 信条
Chapter-5 学校教育,principle,n. 原则; 原理
Chapter-5 学校教育,discipline,n. 纪律; 训练
Chapter-5 学校教育,term,n. 学期; 期限; 术语
Chapter-5 学校教育,semester,n. 学期
Chapter-5 学校教育,timetable,n. 时间表; 课程表
Chapter-5 学校教育,schedule,n. ⽇程安排; 时刻表
Chapter-5 学校教育,deadline,n. 截⽌⽇期
Chapter-5 学校教育,course,n. 课程; ⼀道菜
Chapter-5 学校教育,lesson,n. ⼀堂课; 课程; 教训
Chapter-5 学校教育,curriculum,n. 全部课程
Chapter-5 学校教育,seminar,n. 研讨会; 研讨班
Chapter-5 学校教育,forum,"n. 论坛, 讨论会"
Chapter-5 学校教育,syllabus,n. 教学⼤纲
Chapter-5 学校教育,system,"n. 系统; 体系, 制度"
Chapter-5 学校教育,rudimentary,"adj. 基本的, 粗浅的"
Chapter-5 学校教育,basic,"adj. 基本的, 基础的"
Chapter-5 学校教育,fundamental,"adj. 基础的, 基本的; 根本的"
Chapter-5 学校教育,elementary,adj. 基本的; 初级的; 简单的
Chapter-5 学校教育,profound,"adj. 深刻的, 深远的; ⻅解深刻的"
Chapter-5 学校教育,superficial,"adj. 表⾯的, 外表的; 肤浅的"
Chapter-5 学校教育,surface,n. 表⾯; 地⾯; ⽔⾯
Chapter-5 学校教育,compulsory,adj. 强制的; 义务的
Chapter-5 学校教育,prerequisite,n. 必备条件 adj. 必备的
Chapter-5 学校教育,selective,adj. 选择性的
Chapter-5 学校教育,elective,adj. 选举的; 选修的 n. 选修科⽬
Chapter-5 学校教育,assignment,"n. 作业, 任务; 分配"
Chapter-5 学校教育,submit,"v. 服从; 提交, 呈递"
Chapter-5 学校教育,preview,n. 预习; 预演; 预先评述; v. 预先观看; 写预评; 概述; 预习
Chapter-5 学校教育,review,n. v. 复习
Chapter-5 学校教育,revise,"v. 修订, 修改"
Chapter-5 学校教育,inspect,"v. 检查; 检阅, 视察"
Chapter-5 学校教育,consult,v. 咨询; 请教; 查阅
Chapter-5 学校教育,skim,"v. 掠过, 擦过; 略读; 浏览"
Chapter-5 学校教育,scan,v. 细看; 浏览; 扫描 n. 扫描检查; 浏览
Chapter-5 学校教育,scrutinise,"v. 详细检查, 仔细查看"
Chapter-5 学校教育,recite,"v. 背诵, 朗诵"
Chapter-5 学校教育,dictate,v. ⼝述; 命令
Chapter-5 学校教育,examination,n. 考试; 细查
Chapter-5 学校教育,test,"n. v. 试验, 检验"
Chapter-5 学校教育,quiz,n. ⼩测验; 智⼒竞赛
Chapter-5 学校教育,presentation,"n. 陈述; 表演, 演出"
Chapter-5 学校教育,plagiarise,"v. 抄袭, 剽窃"
Chapter-5 学校教育,copy,n. 复制; 抄写 n. 复制品
Chapter-5 学校教育,print,v. 打印 n. 打印品
Chapter-5 学校教育,thesis,n. 论⽂
Chapter-5 学校教育,essay,n. 短⽂; 论说⽂
Chapter-5 学校教育,paper,n. 纸; 论⽂
Chapter-5 学校教育,dissertation,"n. 专题论⽂, 学位论⽂"
Chapter-5 学校教育,project,n. 专题研究; 项⽬; ⽅案; ⼯程
Chapter-5 学校教育,heading,n. 标题; 主题
Chapter-5 学校教育,outset,"n. 开端, 开始"
Chapter-5 学校教育,outline,"n. 概要; 轮廓, 略图; ⼤纲"
Chapter-5 学校教育,point,n. 点; 要点; 观点
Chapter-5 学校教育,gist,n. 要点; 主旨
Chapter-5 学校教育,opinion,n. 看法; 意⻅; 评价
Chapter-5 学校教育,introduce,v. 介绍; 引进
Chapter-5 学校教育,reference,n. 参考; 推荐函; 提及; 涉及
Chapter-5 学校教育,cite,v. 引⽤
Chapter-5 学校教育,elicit,v. 引出; 探出
Chapter-5 学校教育,quote,"v. 引⽤, 引述; 报价"
Chapter-5 学校教育,extract,n. 摘录; 提取
Chapter-5 学校教育,abstract,"n. 摘要 adj. 抽象的 v. 提取, 把…抽象出"
Chapter-5 学校教育,summary,"n. 摘要, 概要"
Chapter-5 学校教育,assume,"n. 假设, 设想; 料想"
Chapter-5 学校教育,presume,"v. 假定, 设想, 料想"
Chapter-5 学校教育,suppose,"v. 假定, 认为, 设想"
Chapter-5 学校教育,hypothesis,"n. 假设, 假说"
Chapter-5 学校教育,postulate,"v. n. 假定, 假设"
Chapter-5 学校教育,speculate,v. 推测
Chapter-5 学校教育,predict,v. 预⾔; 预测
Chapter-5 学校教育,perceive,"v. 感知, 察觉, 意识到"
Chapter-5 学校教育,detect,"v. 察觉, 发觉; 侦察出"
Chapter-5 学校教育,discern,v. 察觉出; 分辨出
Chapter-5 学校教育,recognize,"v. 认识, 辨认出"
Chapter-5 学校教育,conscious,adj. 意识到的; 有知觉的
Chapter-5 学校教育,reckon,v. 估计; 期望; 认为
Chapter-5 学校教育,deem,"v. 认为, 相信"
Chapter-5 学校教育,imply,"v. 暗指, 意味着"
Chapter-5 学校教育,deliberate,"v. 深思熟虑, 仔细考虑 adj. 审慎的"
Chapter-5 学校教育,represent,v. 代表; 象征
Chapter-5 学校教育,insist,"v. 坚持, 坚决认为"
Chapter-5 学校教育,persist,v. 坚持; 固执; 坚持不懈; 持续存在
Chapter-5 学校教育,understand,"v. 懂得, 理解"
Chapter-5 学校教育,comprehend,"v. 理解, 领悟"
Chapter-5 学校教育,analyse,v. 分析
Chapter-5 学校教育,diagnose,"v. 判断, 诊断"
Chapter-5 学校教育,infer,"v. 推断, 推理"
Chapter-5 学校教育,deduce,v. 推断; 演绎
Chapter-5 学校教育,conclude,v. 推出断; 得出结论; 结束
Chapter-5 学校教育,analogy,n. 类⽐; 类推
Chapter-5 学校教育,compare,v. ⽐较; 把…作⽐较
Chapter-5 学校教育,contrast,n. 对⽐; 明显的差异
Chapter-5 学校教育,overlap,v. 与…重叠; 与…部分相册
Chapter-5 学校教育,contradiction,"n. ⽭盾, 不⼀致; 反驳"
Chapter-5 学校教育,disagree,v. 不同意; 有分歧
Chapter-5 学校教育,differ,"v. 不同, 相异"
Chapter-5 学校教育,diverse,"adj. 不⼀样的, 多种多样的"
Chapter-5 学校教育,nuance,n. 细微差别
Chapter-5 学校教育,inductive,adj. 归纳的; 诱导的
Chapter-5 学校教育,detail,n. 细节; 细部
Chapter-5 学校教育,thorough,"adj. 彻底的, 详尽的"
Chapter-5 学校教育,example,n. 例⼦; 榜样
Chapter-5 学校教育,instance,"n. 实例; 情况, 场合"
Chapter-5 学校教育,confirm,"v. 证实; 确保, 巩固; 确认"
Chapter-5 学校教育,demonstrate,"v. 证明, 示范, 演示"
Chapter-6 科技发明,illustrate,v. (⽤图等)说明; (给书)加插图
Chapter-6 科技发明,manifest,"v. 显示, 表明"
Chapter-6 科技发明,prove,v. 证明; 结果是
Chapter-6 科技发明,determine,v. 决定; 下定决⼼; 查明
Chapter-6 科技发明,decide,v. 决定
Chapter-6 科技发明,resolve,"v. 决⼼, 决定; 分解为; 解决"
Chapter-6 科技发明,survey,n. ⺠意调查 v. 对…进⾏⺠意调查
Chapter-6 科技发明,research,n. 调查; 探索
Chapter-6 科技发明,observe,"v. 观察, 观测, 注意到"
Chapter-6 科技发明,inquire,v. 询问; 调查
Chapter-6 科技发明,query,n. 疑问; 询问 v. 怀疑; 询问
Chapter-6 科技发明,questionnaire,"n. 调查表, 调查问卷"
Chapter-6 科技发明,achieve,"v. 实现, 达到"
Chapter-6 科技发明,accomplish,"v. 达到, 完成"
Chapter-6 科技发明,attain,v. 获得; 达到
Chapter-6 科技发明,credit,n. 赊购; 学分; 信任
Chapter-6 科技发明,score,"n. 得分, 成绩"
Chapter-6 科技发明,mark,n. 分数; 标记 v. 标志着; 给…打分; 在…上做标记
Chapter-6 科技发明,grade,v. 给…分等级 n. 等级; 成绩等级
Chapter-6 科技发明,rank,"n. 等级; 排, 列 v. 给…评级; 位列"
Chapter-6 科技发明,row,"n. ⼀排, ⼀⾏"
Chapter-6 科技发明,queue,n. ⾏列; 队伍 v. 排队等着
Chapter-6 科技发明,grant,v. 授予; 准予; 承认
Chapter-6 科技发明,praise,n. 赞美 v. 赞扬
Chapter-6 科技发明,appreciate,v. 赏识; 感激; 意识到
Chapter-6 科技发明,feedback,"n. 反馈, 反应"
Chapter-6 科技发明,underestimate,v. 低估
Chapter-6 科技发明,overestimate,v. ⾼估
Chapter-6 科技发明,apply,v. 申请
Chapter-6 科技发明,fellowship,n. 研究⽣奖学⾦
Chapter-6 科技发明,scholarship,"n. 奖学⾦; 学问, 常识"
Chapter-6 科技发明,reward,n. 报答; 赏⾦; 报酬 v. 报答
Chapter-6 科技发明,award,n. 奖; 奖品
Chapter-6 科技发明,prize,n. 奖赏 v. 珍视; 重视
Chapter-6 科技发明,fee,n. 酬⾦; 费⽤
Chapter-6 科技发明,technology,n. 技术
Chapter-6 科技发明,technique,"n. 技术, 技巧"
Chapter-6 科技发明,polytechnic,n. 理⼯学院 v. 有关多种⼯艺的
Chapter-6 科技发明,engineer,"n. ⼯程师, 技师"
Chapter-6 科技发明,mechanic,"n. 技⼯, 机械⼯"
Chapter-6 科技发明,advance,n. v. 发展; 前进
Chapter-6 科技发明,innovate,"v. 创新, 改⾰"
Chapter-6 科技发明,breakthrough,n. 突破
Chapter-6 科技发明,gizmo,n. ⼩发明; ⼩装置
Chapter-6 科技发明,patent,"n. 专利, 专利权 v. 得到…的专利权"
Chapter-6 科技发明,devise,"v. 设计, 发明"
Chapter-6 科技发明,invent,"v. 发明, 创造"
Chapter-6 科技发明,discover,v. 发现
Chapter-6 科技发明,disclose,"v. 揭露, 透露"
Chapter-6 科技发明,reveal,v. 揭示; 展现; 展示; 透露
Chapter-6 科技发明,uncover,"v. 揭露, 发现"
Chapter-6 科技发明,expose,v. 揭发; 使暴露; 使曝光
Chapter-6 科技发明,domain,n. 领域; 领⼟; 领地
Chapter-6 科技发明,field,n. 领域
Chapter-6 科技发明,realm,n. 领域
Chapter-6 科技发明,foundation,n. 基础; 地基; 基⾦会
Chapter-6 科技发明,specialise,v. 专⻔从事; 专攻
Chapter-6 科技发明,absorb,v. 理解; 掌握; 吸收
Chapter-6 科技发明,concentrate,v. 全神贯注; 使集中; 使浓缩
Chapter-6 科技发明,focus,v. 集中 n. 焦点
Chapter-6 科技发明,utilise,v. 利⽤
Chapter-6 科技发明,usage,n. 使⽤; ⽤法
Chapter-6 科技发明,tester,n. 测试仪; 测试员
Chapter-6 科技发明,apply,v. 应⽤; 适⽤
Chapter-6 科技发明,device,"n. 装置, 设备; ⼿段, 策略"
Chapter-6 科技发明,appliance,n. 应⽤; (家⽤)器具
Chapter-6 科技发明,facility,n. 设备; 便利
Chapter-6 科技发明,equipment,n. 设备
Chapter-6 科技发明,instrument,n. 仪器; ⼯具; 乐器
Chapter-6 科技发明,tool,n. ⼯具
Chapter-6 科技发明,gauge,n. 测量仪器 v. 测量; 判断
Chapter-6 科技发明,measure,v. 测量 n. 衡量; 措施
Chapter-6 科技发明,calculate,v. 计算; 考虑; 打算
Chapter-6 科技发明,compute,v. 计算; 估计
Chapter-6 科技发明,count,v. 计算; 数数
Chapter-6 科技发明,estimate,v. 估计; 评估; 估算
Chapter-6 科技发明,assess,v. 评估; 估算
Chapter-6 科技发明,evaluate,"v. 估计, 评价, 评估"
Chapter-6 科技发明,accessory,n. 附件; 配件
Chapter-6 科技发明,byproduct,n. 副产品
Chapter-6 科技发明,auxiliary,"adj. 辅助的, 协助的; 备⽤的"
Chapter-6 科技发明,versatile,"adj. 多功能的, 多⽤途的"
Chapter-6 科技发明,add,v. 添加; 附加
Chapter-6 科技发明,accumulate,v. 积累; 逐渐增加
Chapter-6 科技发明,assemble,"v. 聚焦, 集合"
Chapter-6 科技发明,gather,v. 聚焦; 采集
Chapter-6 科技发明,attach,"v. 附加; 使依附; 缚, 系, 贴"
Chapter-6 科技发明,belong,v. 应在(某处); 适合(某种情形); 属于
Chapter-6 科技发明,optics,n. 光学
Chapter-6 科技发明,microscope,n. 显微镜
Chapter-6 科技发明,lens,n. 镜头; 透镜
Chapter-6 科技发明,radar,"n. 雷达, ⽆线电定位装置"
Chapter-6 科技发明,echo,n. 回声 v. 发回声; 模仿; 重复
Chapter-6 科技发明,sensor,n. 传感器
Chapter-6 科技发明,multimedia,n. 多媒体
Chapter-6 科技发明,network,"n. ⽹络; ⼴播⽹, 电视⽹"
Chapter-6 科技发明,browser,n. 浏览器
Chapter-6 科技发明,dial,v. 拨(电话号码)
Chapter-6 科技发明,microcomputer,n. 微型计算机
Chapter-6 科技发明,laptop,n. 笔记本电脑
Chapter-6 科技发明,software,n. 软件
Chapter-6 科技发明,keyboard,n. 键盘
Chapter-6 科技发明,screen,n. 屏幕 v. 遮蔽
Chapter-6 科技发明,loudspeaker,n. 喇叭; 扬声器
Chapter-6 科技发明,microphone,"n. 话筒, ⻨克⻛"
Chapter-6 科技发明,cassette,n. 盒式磁带; 底⽚盒
Chapter-6 科技发明,tape,"n. 胶带; 磁带, 录⾳带"
Chapter-6 科技发明,binary,adj. ⼆进制的; ⼆元的
Chapter-6 科技发明,digital,adj. 数字的
Chapter-6 科技发明,wireless,adj. ⽆线的; 不⽤电线的
Chapter-6 科技发明,high-definition,adj. ⾼分辨率的
Chapter-6 科技发明,audio,"adj. 声⾳的, ⾳频的"
Chapter-6 科技发明,vision,n. 视觉
Chapter-6 科技发明,fantasy,n. 幻想
Chapter-6 科技发明,science fiction,"n. 科幻, 科幻⼩说"
Chapter-6 科技发明,pump,n. 泵 v. (⽤泵)抽
Chapter-6 科技发明,generator,n. 发电机
Chapter-6 科技发明,gear,n. ⻮轮
Chapter-6 科技发明,pivot,"n. 枢轴, ⽀点; 中⼼, 重点"
Chapter-6 科技发明,hydraulic,"adj. ⽔⼒的, 液压的"
Chapter-6 科技发明,drainage,n. 排⽔系统; 排⽔
Chapter-6 科技发明,sewage,n. 污⽔
Chapter-6 科技发明,ventilation,n. 通⻛; 通⻛设备
Chapter-6 科技发明,compress,"v. 压紧, 压缩"
Chapter-6 科技发明,condense,v. 压缩; 精简; 凝结
Chapter-6 科技发明,refine,"v. 提炼, 提纯"
Chapter-6 科技发明,simplify,v. 简化; 精简
Chapter-6 科技发明,purify,"v. 净化, 使纯净"
Chapter-6 科技发明,filter,v. 过滤; 透过 n. 过滤器
Chapter-6 科技发明,distil,v. 蒸馏; 提取…的精华
Chapter-6 科技发明,mode,n. 模式; ⽅式
Chapter-6 科技发明,mould,v. 浇铸; 塑造 n. 模⼦
Chapter-6 科技发明,prototype,n. 原型; 锥形
Chapter-6 科技发明,framework,"n. 框架, 结构; 体系"
Chapter-6 科技发明,aspect,n. ⽅⾯
Chapter-6 科技发明,phase,"n. 阶段, 时期"
Chapter-6 科技发明,operate,v. 操作; 运营; 做⼿术
Chapter-6 科技发明,facilitate,v. 促进; 使便利
Chapter-6 科技发明,transform,v. 改变形态; 使改观
Chapter-6 科技发明,convert,v. 转变; 改变 n. 皈依者
Chapter-6 科技发明,alter,"v. 变更, 改变"
Chapter-6 科技发明,shift,"v. 转移, 变换 n. 转移, 变换; 轮班"
Chapter-6 科技发明,turn,v. 翻; 转 n. 机会
Chapter-7 ⽂化历史,adapt,v. 适应; 改编
Chapter-7 ⽂化历史,adjust,v. 调节; 改变
Chapter-7 ⽂化历史,pinpoint,v. 精确地指出; 精确定位 n. 针尖; 极⼩的事物
Chapter-7 ⽂化历史,accurate,"adj. 准确的, 正确⽆误的"
Chapter-7 ⽂化历史,precise,"adj. 精确的, 准确的; ⼀丝不苟的"
Chapter-7 ⽂化历史,correct,adj. 正确的
Chapter-7 ⽂化历史,error,"n. 错误, 过失"
Chapter-7 ⽂化历史,mistake,n. 错误 v. 误解
Chapter-7 ⽂化历史,flaw,n. 缺陷; 错误
Chapter-7 ⽂化历史,wrong,adj. 错误的 adv. 错误地
Chapter-7 ⽂化历史,fault,n. 缺点; 故障 v. 找出缺点
Chapter-7 ⽂化历史,stumble,v. 犯错误; 绊脚; 跌跌撞撞地⾛
Chapter-7 ⽂化历史,contingency,"n. 意外事件, 可能发⽣的事"
Chapter-7 ⽂化历史,circumstance,n. 情况; 环境; 条件
Chapter-7 ⽂化历史,culture,"n. ⽂化, ⽂明; 教养"
Chapter-7 ⽂化历史,civilisation,n. ⽂明
Chapter-7 ⽂化历史,renaissance,n. [the R~]⽂艺复兴时期
Chapter-7 ⽂化历史,epic,n. 史诗 adj. 宏⼤的
Chapter-7 ⽂化历史,ideology,"n. 意识形态, 思想体系"
Chapter-7 ⽂化历史,tradition,n. 传统
Chapter-7 ⽂化历史,convention,n. 惯例; ⼤型会议
Chapter-7 ⽂化历史,custom,n. 个⼈习惯; ⻛俗; 习俗
Chapter-7 ⽂化历史,feudalism,n. 封建主义; 封建制度
Chapter-7 ⽂化历史,slavery,n. 奴⾪制
Chapter-7 ⽂化历史,ethical,"adj. 伦理的, 道德的"
Chapter-7 ⽂化历史,moral,adj. 道德上的; 有道德的 n. [~s]道德
Chapter-7 ⽂化历史,tribe,n. 部落
Chapter-7 ⽂化历史,aboriginal,"n. ⼟著居⺠; ⼟⽣⽣物; 澳⼤利亚⼟著; adj. 原产的, 原始的; ⼟著⼈的;"
Chapter-7 ⽂化历史,inhabitant,n. 居⺠
Chapter-7 ⽂化历史,native,adj. 本⼟的 n. 本地⼈
Chapter-7 ⽂化历史,local,adj. 当地的 n. 当地⼈
Chapter-7 ⽂化历史,exotic,adj. 外来的; 异国情调的
Chapter-7 ⽂化历史,foreigner,n. 外国⼈
Chapter-7 ⽂化历史,alien,n. 外侨; 外星⽣物; 外星⼈ adj. 外国的; 外星的; 陌⽣的
Chapter-7 ⽂化历史,anthropologist,n. ⼈类学家
Chapter-7 ⽂化历史,humanitarian,"adj. ⼈道主义的, 博爱的 n. ⼈道主义者"
Chapter-7 ⽂化历史,heritage,n. (国家的)遗产
Chapter-7 ⽂化历史,inherit,v. 继承(财产等); 经遗传获得
Chapter-7 ⽂化历史,antique,n. 古董 adj. 古董的
Chapter-7 ⽂化历史,archaeology,n. 考古学
Chapter-7 ⽂化历史,excavate,"v. 挖掘, 发掘"
Chapter-7 ⽂化历史,museum,n. 博物馆
Chapter-7 ⽂化历史,pottery,n. 陶器
Chapter-7 ⽂化历史,engrave,v. 在…上雕刻
Chapter-7 ⽂化历史,decorate,v. 装饰
Chapter-7 ⽂化历史,religion,"n. 宗教, 宗教信仰"
Chapter-7 ⽂化历史,ritual,n. 仪式
Chapter-7 ⽂化历史,etiquette,"n. 礼仪, 礼节"
Chapter-7 ⽂化历史,belief,n. 信念; 信仰
Chapter-7 ⽂化历史,soul,n. 灵魂; ⼼灵; 精神
Chapter-7 ⽂化历史,spirit,"n. 精神, ⼼灵"
Chapter-7 ⽂化历史,sacred,adj. 神圣的; 宗教的
Chapter-7 ⽂化历史,hallowed,adj. 神圣的; 受尊崇的
Chapter-7 ⽂化历史,holy,"adj. 神圣的; 圣洁的, 虔诚的"
Chapter-7 ⽂化历史,Pope,n. 教皇
Chapter-7 ⽂化历史,bishop,n. 主教
Chapter-7 ⽂化历史,missionary,n. 传教⼠
Chapter-7 ⽂化历史,priest,n. 牧师; 神⽗; 教⼠
Chapter-7 ⽂化历史,Bible,n. 《圣经》
Chapter-7 ⽂化历史,church,n. 教堂
Chapter-7 ⽂化历史,cathedral,n. ⼤教堂
Chapter-7 ⽂化历史,choir,n. 唱诗班
Chapter-7 ⽂化历史,monk,"n. 修道⼠, 僧侣"
Chapter-7 ⽂化历史,temple,"n. 寺院, 庙宇"
Chapter-7 ⽂化历史,pagoda,n. 佛塔; 塔
Chapter-7 ⽂化历史,empire,n. 帝国
Chapter-7 ⽂化历史,imperial,adj. 帝国的
Chapter-7 ⽂化历史,royal,adj. 皇家的; ⾼贵的
Chapter-7 ⽂化历史,dynasty,n. 朝代
Chapter-7 ⽂化历史,chronology,"n. 年表, 事件发⽣顺序表; 年代学"
Chapter-8 语⾔演化,emperor,n. 皇帝
Chapter-8 语⾔演化,king,n. 国王
Chapter-8 语⾔演化,queen,n. ⼥王; 王后
Chapter-8 语⾔演化,prince,n. 王⼦; 亲王
Chapter-8 语⾔演化,princess,n. 公主; 王妃
Chapter-8 语⾔演化,majesty,"n. 威严, 壮观; 陛下"
Chapter-8 语⾔演化,nobility,n. 贵族; ⾼尚的品质
Chapter-8 语⾔演化,lord,n. 贵族; 阁下; 领主
Chapter-8 语⾔演化,knight,n. 骑⼠; 爵⼠ v. 封…为爵⼠
Chapter-8 语⾔演化,guardian,n. 保护者; 监护⼈ adj. 守护的
Chapter-8 语⾔演化,nostalgia,n. 思乡之情; 怀旧之情
Chapter-8 语⾔演化,homesick,adj. 思乡的
Chapter-8 语⾔演化,celebrity,n. 名⼈; 名誉
Chapter-8 语⾔演化,status,"n. 地位, 身份"
Chapter-8 语⾔演化,background,n. 背景; 经历
Chapter-8 语⾔演化,experience,"n. 经验; 经历, 体验"
Chapter-8 语⾔演化,anecdote,"n. 轶事, 趣闻; 奇闻; 传闻"
Chapter-8 语⾔演化,accident,"n. 事故; 意外, 偶然的事"
Chapter-8 语⾔演化,incident,n. 事件; 冲突
Chapter-8 语⾔演化,thrive,"v. 繁荣, 兴旺发达; 茁壮成⻓"
Chapter-8 语⾔演化,prosperity,n. 繁荣; 兴旺
Chapter-8 语⾔演化,setback,"n. 挫折, 阻碍"
Chapter-8 语⾔演化,adversity,n. 逆境
Chapter-8 语⾔演化,language,n. 语⾔
Chapter-8 语⾔演化,symbol,"n. 象征; 符号, 记号"
Chapter-8 语⾔演化,sign,"n. 符号; 征兆, 迹象; ⼿势 v. 签名"
Chapter-8 语⾔演化,gesture,"n. ⼿势, 姿势"
Chapter-8 语⾔演化,handwriting,"n. ⼿写, 笔记; 书法; 字迹"
Chapter-8 语⾔演化,pictograph,n. 象形⽂字
Chapter-8 语⾔演化,wedge,n. 楔⼦; 楔形物; 楔形⽂字
Chapter-8 语⾔演化,knot,n. 结; 节⼦
Chapter-8 语⾔演化,linguistics,n. 语⾔学
Chapter-8 语⾔演化,semantic,adj. 语义的
Chapter-8 语⾔演化,syntax,n. 句法
Chapter-8 语⾔演化,grammar,n. 语法; 语法书
Chapter-8 语⾔演化,phonetics,n. 语⾳学
Chapter-8 语⾔演化,pronounce,v. 发…的间; 宣布
Chapter-8 语⾔演化,intonation,"n. 语调, 声调"
Chapter-8 语⾔演化,inflection,n. 变⾳; 语调的抑扬变化
Chapter-8 语⾔演化,dialect,"n. ⽅⾔, 地⽅话"
Chapter-8 语⾔演化,accent,n. 重⾳; ⼝⾳; 读⾳符号
Chapter-8 语⾔演化,utterance,n. 说话; 话语
Chapter-8 语⾔演化,oral,adj. ⼝头的
Chapter-8 语⾔演化,verbal,adj. 词语的; ⾔语的; ⼝头的; 动词的
Chapter-8 语⾔演化,syllable,n. ⾳节
Chapter-8 语⾔演化,phoneme,n. ⾳位
Chapter-8 语⾔演化,vowel,n. 元⾳
Chapter-8 语⾔演化,consonant,n. 辅⾳
Chapter-8 语⾔演化,alphabet,"n. 字⺟表, (⼀种语⾔的)全部字⺟"
Chapter-8 语⾔演化,logogram,"n. 词符, 缩记符"
Chapter-8 语⾔演化,vocabulary,"n. 词汇(量); 词典, 字典, 辞典"
Chapter-8 语⾔演化,dictionary,"n. 词典, 字典, 辞典"
Chapter-8 语⾔演化,idiom,"n. 习语, 成语; ⽅⾔"
Chapter-8 语⾔演化,phrase,n. 短语; 习语
Chapter-8 语⾔演化,clause,"n. 分句, 从句; 条款"
Chapter-8 语⾔演化,expression,n. 词语; 表达; 表情
Chapter-8 语⾔演化,tense,n. 时态 adj. 紧张的
Chapter-8 语⾔演化,root,"n. 词根, 字根; 根源"
Chapter-8 语⾔演化,prefix,"n. 前缀, 词⾸; 前置代号"
Chapter-8 语⾔演化,suffix,"n. 后缀, 词尾; 尾标"
Chapter-8 语⾔演化,abbreviation,n. 缩写形式
Chapter-8 语⾔演化,synonym,n. 同义词
Chapter-8 语⾔演化,antonym,n. 反义词
Chapter-8 语⾔演化,noun,n. 名词
Chapter-8 语⾔演化,singular,n. 单数 adj. 单数的; ⾮凡的
Chapter-8 语⾔演化,plural,n. 复数 adj. 复数的; 多元的
Chapter-8 语⾔演化,pronoun,n. 代词
Chapter-8 语⾔演化,verb,n. 动词
Chapter-8 语⾔演化,adjective,n. 形容词
Chapter-8 语⾔演化,adverb,n. 副词
Chapter-9 娱乐运动,preposition,n. 介词; 前置词
Chapter-9 娱乐运动,conjunction,n. 连词; 结合
Chapter-9 娱乐运动,consistent,adj. ⼀致的; 连贯的
Chapter-9 娱乐运动,complicated,adj. 复杂的
Chapter-9 娱乐运动,complex,adj. 复杂的
Chapter-9 娱乐运动,compile,"v. 编写, 编纂"
Chapter-9 娱乐运动,version,n. 译本; 版本
Chapter-9 娱乐运动,translate,v. 翻译; 转变
Chapter-9 娱乐运动,paraphrase,"v. n. 意译, 改述"
Chapter-9 娱乐运动,interpret,"v. ⼝译; 解释, 说明; 领会, 理解"
Chapter-9 娱乐运动,narrate,"v. 讲故事, 叙述"
Chapter-9 娱乐运动,illuminate,"v. 阐释, 说明; 照亮"
Chapter-9 娱乐运动,decipher,v. 译解; 辩认
Chapter-9 娱乐运动,eloquence,n. 雄辩; 流利的⼝才
Chapter-9 娱乐运动,communicate,"v. 沟通, 交流; 传达"
Chapter-9 娱乐运动,discussion,"n. 讨论, 谈论"
Chapter-9 娱乐运动,brainstorm,"n. 头脑⻛暴, 集体⾃由讨论 v. 集思⼴益, 进⾏头脑⻛暴"
Chapter-9 娱乐运动,debate,"v. n. 辩论; 争论, 讨论"
Chapter-9 娱乐运动,commentary,"n. 评论, 评注; 批评; 实况报道"
Chapter-9 娱乐运动,negotiate,"v. 谈判, 协商"
Chapter-9 娱乐运动,contention,"n. 争论, 争辩; 观点"
Chapter-9 娱乐运动,medium,"n. 媒体 adj. 中间的, 中等的"
Chapter-9 娱乐运动,press,"n. 新闻界, 记者; 报刊; 出版社"
Chapter-9 娱乐运动,journalist,"n. 记者, 新闻⼯作者"
Chapter-9 娱乐运动,critic,n. 批评家; 挑剔的⼈
Chapter-9 娱乐运动,commentator,n. 评论员; 解说员
Chapter-9 娱乐运动,exponent,"n. 阐述者, 倡导者, 拥护者"
Chapter-9 娱乐运动,announcer,"n. ⼴播员, 播⾳员"
Chapter-9 娱乐运动,correspondent,n. 通讯员; 通信者; 记者
Chapter-9 娱乐运动,messenger,"n. 邮递员, 信使"
Chapter-9 娱乐运动,editor,"n. 编辑, 记者, 主编; 记者; 编者"
Chapter-9 娱乐运动,typist,n. 打字员
Chapter-9 娱乐运动,handout,n. 传单; 讲义
Chapter-9 娱乐运动,leaflet,n. 传单 v. 散发宣传单
Chapter-9 娱乐运动,propaganda,"n. 宣传, ⿎吹"
Chapter-9 娱乐运动,publish,"v. 出版, 发⾏; 公布"
Chapter-9 娱乐运动,disseminate,"v. 散布, 传播"
Chapter-9 娱乐运动,foresee,"v. 预⻅, 预知"
Chapter-9 娱乐运动,anticipate,"v. 预期, 预料"
Chapter-9 娱乐运动,expect,"v. 预料, 预期"
Chapter-9 娱乐运动,await,"v. 等侯, 期待"
Chapter-9 娱乐运动,pastime,"n. 娱乐, 消遣"
Chapter-9 娱乐运动,entertain,"v. 娱乐; 招待; ⼼存, 怀有"
Chapter-9 娱乐运动,recreation,"n. 休闲, 娱乐"
Chapter-9 娱乐运动,amuse,v. 逗乐
Chapter-9 娱乐运动,gossip,n. 闲聊; 闲话; 流⾔蜚语
Chapter-9 娱乐运动,rumour,"n. 谣⾔, 传闻"
Chapter-9 娱乐运动,consensus,"n. 共识, ⼀致的意⻅"
Chapter-9 娱乐运动,festival,n. 节⽇; 节
Chapter-9 娱乐运动,feast,n. 宴会; 盛宴; 宗教节⽇
Chapter-9 娱乐运动,programme,n. 节⽬; ⽅案; 程序
Chapter-9 娱乐运动,rehearsal,n. 排练
Chapter-9 娱乐运动,perform,"v. 表演, 演出"
Chapter-9 娱乐运动,imitate,"v. 模仿, 效仿; 伪造, 仿造"
Chapter-9 娱乐运动,mimic,v. 模仿; 戏仿
Chapter-9 娱乐运动,simulate,"v. 模拟; 假装, 冒充"
Chapter-9 娱乐运动,circus,n. ⻢戏团; 圆形⼴场
Chapter-9 娱乐运动,magic,n. 魔术; 魔法
Chapter-9 娱乐运动,drama,"n. 戏, 剧, 戏剧艺术"
Chapter-9 娱乐运动,concert,n. ⾳乐会
Chapter-9 娱乐运动,symphony,n. 交响乐
Chapter-9 娱乐运动,orchestra,n. 管弦乐队
Chapter-9 娱乐运动,ballet,n. 芭蕾舞; 芭蕾舞剧
Chapter-9 娱乐运动,opera,n. 歌剧
Chapter-9 娱乐运动,comedy,n. 喜剧
Chapter-9 娱乐运动,tragedy,n. 悲剧
Chapter-9 娱乐运动,animation,n. 动画⽚; 动画制作
Chapter-9 娱乐运动,film,n. 影⽚; 胶卷
Chapter-9 娱乐运动,movie,n. 电影; 电影院
Chapter-9 娱乐运动,X-rated,"adj. X级的, ⻘少年不宜的"
Chapter-9 娱乐运动,artist,n. 艺术家
Chapter-9 娱乐运动,craftsman,"n. ⼯匠, ⼯艺师"
Chapter-9 娱乐运动,painter,n. 画家; 油漆匠
Chapter-9 娱乐运动,role,n. ⻆⾊; 作⽤; 职能
Chapter-9 娱乐运动,scene,n. 景⾊; 现场; 场⾯; 镜头
Chapter-9 娱乐运动,stage,n. 舞台; 阶段
Chapter-9 娱乐运动,gallery,n. 美术馆
Chapter-9 娱乐运动,exhibition,n. 展览会; 展览; 展览品; 展示
Chapter-9 娱乐运动,aesthetic,adj. 审美的 n. 审美观
Chapter-9 娱乐运动,collect,v. 收集; 收藏
Chapter-9 娱乐运动,select,"v. 选择, 挑选 adj. 精选的"
Chapter-9 娱乐运动,opt,v. 选择
Chapter-9 娱乐运动,photograph,"n. 照⽚, 相⽚"
Chapter-9 娱乐运动,portrait,"n. 肖像, 半身画像"
Chapter-9 娱乐运动,painting,"n. 油画, 绘画; 作品"
Chapter-9 娱乐运动,sculpture,n. 雕塑
Chapter-9 娱乐运动,draw,"v. 画, 拉; 拔出"
Chapter-9 娱乐运动,sketch,"n. 素描, 速写, 草图 v. 画素描, 画速写, 画草图"
Chapter-9 娱乐运动,depict,"v. 描述, 描写; 描绘"
Chapter-9 娱乐运动,describe,"v. 描述, 形容"
Chapter-9 娱乐运动,carve,v. 雕刻; 切下
Chapter-9 娱乐运动,improvise,v. 即兴创作; 临时做
Chapter-9 娱乐运动,musical,adj. ⾳乐的; 悦⽿的
Chapter-9 娱乐运动,classical,"adj. 古典的, 传统的"
Chapter-9 娱乐运动,jazz,"n. 爵⼠乐, 爵⼠舞"
Chapter-9 娱乐运动,rock,n. 摇滚乐; 岩⽯
Chapter-9 娱乐运动,hip-hop,n. 嘻哈⽂化
Chapter-9 娱乐运动,pop,"n. 流⾏⾳乐, 流⾏乐曲"
Chapter-9 娱乐运动,lyric,n. 抒情词 adj. 抒情的
Chapter-9 娱乐运动,band,n. 乐队; 带⼦; (数值)范围
Chapter-9 娱乐运动,solo,"n. 独奏, 独唱 adj. 独奏的, 独唱的, 单独的"
Chapter-9 娱乐运动,melody,n. 乐曲; 旋律; 好听的声⾳
Chapter-9 娱乐运动,rhythm,"n. 节奏, 韵律"
Chapter-9 娱乐运动,tone,n. ⾳⾊; 声调; 腔调
Chapter-9 娱乐运动,tune,n. 曲调; 短乐曲 v. 调试
Chapter-9 娱乐运动,disc,"n. 唱⽚, 光碟; 磁盘"
Chapter-9 娱乐运动,piano,n. 钢琴
Chapter-9 娱乐运动,violin,n. ⼩提琴
Chapter-9 娱乐运动,cello,n. ⼤提琴
Chapter-9 娱乐运动,guitar,n. 吉他
Chapter-9 娱乐运动,harmonica,n. ⼝琴
Chapter-9 娱乐运动,trumpet,"n. 喇叭, ⼩号"
Chapter-9 娱乐运动,drum,n. ⿎; ⼤桶
Chapter-9 娱乐运动,flute,n. ⻓笛
Chapter-9 娱乐运动,competition,n. 竞赛; ⽐赛
Chapter-9 娱乐运动,tournament,n. 锦标赛
Chapter-9 娱乐运动,Olympic,adj. 奥林匹克运动的 n. [the ~s]奥林匹克运动会
Chapter-9 娱乐运动,sponsor,n. 发起⼈; 主办⼈; 赞助⼈ v. 发起; 主办; 赞助
Chapter-9 娱乐运动,patron,"n. 赞助⼈; 顾客, ⽼主顾"
Chapter-9 娱乐运动,athlete,n. 运动员; ⽥径运动员
Chapter-9 娱乐运动,champion,"n. 冠军, 第⼀名 v. 拥护, ⽀持"
Chapter-9 娱乐运动,spectator,n. 观众
Chapter-9 娱乐运动,volunteer,n. 志愿者 v. ⾃愿做
Chapter-9 娱乐运动,famous,"adj. 著名的, 出名的"
Chapter-9 娱乐运动,well-known,"adj. 众所周知的, 出名的"
Chapter-9 娱乐运动,energetic,"adj. 充满活⼒的, 精⼒充沛的"
Chapter-9 娱乐运动,vigorous,"adj. 充满活⼒的; 活跃的, 积极的"
Chapter-9 娱乐运动,stadium,"n. 体育场, 运动场"
Chapter-9 娱乐运动,gym,n. 体育活动; 体育馆; 健身房
Chapter-9 娱乐运动,training,"n. 训练, 锻炼; 培训"
Chapter-9 娱乐运动,exercise,"n. 锻炼, 运动; 习题, 练习 v. 锻炼"
Chapter-9 娱乐运动,indoor,adj. 室内的
Chapter-9 娱乐运动,outdoor,"adj. 室外的, 户外的"
Chapter-9 娱乐运动,motion,"v. 做动作, 示意"
Chapter-9 娱乐运动,mobile,adj. 可移动的; 流动的
Chapter-9 娱乐运动,movement,n. 活动; 运动; 移动
Chapter-9 娱乐运动,yoga,n. 瑜珈
Chapter-9 娱乐运动,sprawl,"v. 伸开四肢坐着(或躺着); 延伸, 蔓延 n. 城市杂乱⽆序地扩展地区"
Chapter-9 娱乐运动,stretch,v. 伸展; 伸⻓
Chapter-9 娱乐运动,strain,"v. 拉紧; 拉伤, 扭伤 n. 张⼒, 拉⼒; 紧张"
Chapter-9 娱乐运动,chess,n. 国际象棋
Chapter-9 娱乐运动,badminton,n. ⽻⽑球运动
Chapter-9 娱乐运动,golf,n. ⾼尔夫球
Chapter-9 娱乐运动,billiards,"n. 台球, 桌球, 弹⼦球"
Chapter-9 娱乐运动,soccer,n. ⾜球
Chapter-9 娱乐运动,tennis,n. ⽹球
Chapter-9 娱乐运动,volleyball,n. 排球
Chapter-9 娱乐运动,hockey,n. 曲棍球; 冰球
Chapter-9 娱乐运动,cricket,n. 板球; 蟋蟀
Chapter-9 娱乐运动,goal,n. 球⻔; 进球得分; ⽬的
Chapter-9 娱乐运动,bat,"n. 球拍, 球棒, 球板"
Chapter-9 娱乐运动,racket,n. 球拍
Chapter-9 娱乐运动,kick,v. n. 踢
Chapter-9 娱乐运动,knock,"v. 敲, 击; 撞"
Chapter-9 娱乐运动,flip,"v. 掷; 快速翻动 adj. 随便的, 轻率的"
Chapter-9 娱乐运动,pitch,"v. 投, 掷 n. 球场; 投球"
Chapter-9 娱乐运动,throw,"v. 投, 掷, 抛, 扔"
Chapter-9 娱乐运动,toss,"v. 扔, 抛; 颠簸"
Chapter-9 娱乐运动,slide,v. 滑动; 逐渐降低 n. 滑⾏; 下跌
Chapter-9 娱乐运动,slip,v. 滑跤; 滑落; 溜 n. 滑倒
Chapter-9 娱乐运动,glide,"v. 滑动, 掠过 n. 滑⾏"
Chapter-9 娱乐运动,tumble,"v. 摔倒, 滚下"
Chapter-9 娱乐运动,ski,v. 滑雪 n. 滑雪板
Chapter-9 娱乐运动,skate,v. 滑冰
Chapter-9 娱乐运动,cycling,n. 骑⾃⾏⻋运动
Chapter-9 娱乐运动,dive,v. 跳⽔; 潜⽔; 俯冲
Chapter-9 娱乐运动,drift,"v. 飘移, 漂流; 流浪, 漂泊"
Chapter-9 娱乐运动,jump,v. 跳; 暴涨; 跳过
Chapter-9 娱乐运动,leap,"v. 跳, 跃 n. 跳跃"
Chapter-9 娱乐运动,plunge,v. 纵身投⼊; 狂跌; 投身 n. 跳⽔; 猛跌
Chapter-9 娱乐运动,spring,"v. n. 跳, 跃"
Chapter-9 娱乐运动,hop,v. 跳上跳下; 单脚跳⾏; ⻬⾜跳⾏
Chapter-9 娱乐运动,bounce,"v. 反弹, 弹起; 跳动"
Chapter-9 娱乐运动,tent,n. 帐篷
Chapter-9 娱乐运动,camp,n. 营地; 阵营
Chapter-9 娱乐运动,picnic,n. 野餐; 进餐⻝物 v. 野营
Chapter-9 娱乐运动,hunt,n. 打猎; 搜寻 v. 猎取; 搜寻
Chapter-9 娱乐运动,race,"n. 赛跑, 速度竞赛; ⼈种, 种族"
Chapter-10 物品材料,marathon,n. ⻢拉松赛跑; ⻢拉松式的活动
Chapter-10 物品材料,pedestrian,"n. 步⾏者, ⾏⼈"
Chapter-10 物品材料,pace,"n. 步速, 速度; 步调, 节奏 v. 来回踱路"
Chapter-10 物品材料,step,n. 步伐; 步骤
Chapter-10 物品材料,excursion,"n. 远⾜, 短程旅⾏"
Chapter-10 物品材料,cruise,v. 乘船浏览; 以平衡的速度⾏驶
Chapter-10 物品材料,trip,v. 绊倒 n. 旅⾏; 绊倒
Chapter-10 物品材料,vacation,v. 休假 n. 假期; 休假
Chapter-10 物品材料,hike,"v. n. 徒步旅⾏, 远⾜"
Chapter-10 物品材料,jog,v. 慢跑
Chapter-10 物品材料,stride,"v. ⼤步⾛, 阔步⾏⾛"
Chapter-10 物品材料,wander,"v. 漫步, 闲逛; ⾛神, 开⼩差"
Chapter-10 物品材料,linger,"v. 逗留, 流连; 继续存留"
Chapter-10 物品材料,lag,"v. 落后 n. 间隔, 时间差"
Chapter-10 物品材料,climb,"v. 攀登, 爬"
Chapter-10 物品材料,pull,"v. 拉, 拖, 扯; 划(⼩船)"
Chapter-10 物品材料,drag,"v. 拖, 拉, 拽"
Chapter-10 物品材料,bend,"v. 俯身, 弯腰; 使弯曲"
Chapter-10 物品材料,bow,n. v. 鞠躬
Chapter-10 物品材料,stuff,n. 东⻄; 原料
Chapter-10 物品材料,item,n. ⼀件商品; 条; 条款
Chapter-10 物品材料,merchandise,n. 商品
Chapter-10 物品材料,souvenir,n. 纪念品
Chapter-10 物品材料,artefact,n. ⼈造物品; ⼿⼯艺品
Chapter-10 物品材料,material,"n. 材料, 原料; ⼈物 adj. 物质的"
Chapter-10 物品材料,raw,"adj. 天然的, 未经加⼯的; (感情)原始的"
Chapter-10 物品材料,crude,"adj. 天然的, 未经加⼯的; 粗糙的 n. 原油"
Chapter-10 物品材料,necessity,"n. 必需品, 必要"
Chapter-10 物品材料,outfit,"n. 全套服装; 全套装备 v. 配套, 装备"
Chapter-10 物品材料,kit,n. 成套⼯具
Chapter-10 物品材料,utensil,"n. (家庭的)⽤具, 器⽫"
Chapter-10 物品材料,garbage,"n. 垃圾, 废物"
Chapter-10 物品材料,rubbish,"n. 垃圾, 废弃物, 废话"
Chapter-10 物品材料,trash,n. 垃圾
Chapter-10 物品材料,recycle,"v. 使再循环, 回收利⽤; 反复应⽤"
Chapter-10 物品材料,reuse,v. 再次利⽤
Chapter-10 物品材料,litter,"n. 垃圾, 废弃物 v. 乱丢东⻄"
Chapter-10 物品材料,waste,n. 废物; 浪费 v. 浪费
Chapter-10 物品材料,junk,"n. ⽆⽤的东⻄, 废物"
Chapter-10 物品材料,landfill,n. 垃圾填埋池; 垃圾填埋
Chapter-10 物品材料,sewerage,n. 排⽔系统
Chapter-10 物品材料,detergent,n. 洗涤剂
Chapter-10 物品材料,lotion,n. 润肤乳
Chapter-10 物品材料,shampoo,n. 洗发剂 v. ⽤洗发剂洗(头发)
Chapter-10 物品材料,soap,n. 肥皂 v. ⽤肥皂擦洗
Chapter-10 物品材料,tub,n. 浴缸; 桶; 盆
Chapter-10 物品材料,plug,n. 塞⼦; 插头 v. 把…塞住
Chapter-10 物品材料,tap,"n. ⻰头, 阀⻔; 轻击, 轻拍, 轻敲"
Chapter-10 物品材料,pipe,n. 管⼦; 管道; 烟⽃
Chapter-10 物品材料,tube,n. 管; 显像管; [英]地铁
Chapter-10 物品材料,mop,n. 拖把 v. ⽤拖把擦
Chapter-10 物品材料,broom,n. 扫帚 v. ⽤扫帚扫
Chapter-10 物品材料,sweep,v. 打扫; 吹⾛; 掠过
Chapter-10 物品材料,mattress,n. 床垫
Chapter-10 物品材料,carpet,"n. 地毯, ⽑毯"
Chapter-10 物品材料,rug,n. ⼩地毯; ⼩毯⼦
Chapter-10 物品材料,mat,"n. 地毯, 地席"
Chapter-10 物品材料,cushion,n. 软垫; 沙发垫
Chapter-10 物品材料,pad,n. 衬垫; 便笺本 v. 填塞
Chapter-10 物品材料,blanket,"n. ⽑毯, 毯⼦"
Chapter-10 物品材料,quilt,n. 被⼦
Chapter-10 物品材料,sheet,"n. 被单, 床单; ⼀张纸; 薄板"
Chapter-10 物品材料,pillow,n. 枕头
Chapter-10 物品材料,sponge,n. 海绵
Chapter-10 物品材料,towel,"n. ⽑⼱, ⼿⼱"
Chapter-10 物品材料,staple,n. 订书钉; 主要部分
Chapter-10 物品材料,nail,n. 指甲; 钉⼦ v. ⽤钉⼦钉住
Chapter-10 物品材料,razor,n. 剃⼑ v. 剃
Chapter-10 物品材料,shave,"v. 剃须, 刮脸"
Chapter-10 物品材料,fuse,n. 保险丝; 导⽕线 v. 使熔化; 使融合
Chapter-10 物品材料,cable,"n. 电缆; 缆绳, 钢索; 电报; 有线电视"
Chapter-10 物品材料,cord,"n. 细绳, 粗线"
Chapter-10 物品材料,strand,"n. (绳⼦的)股, 绞; 海滨, 河岸"
Chapter-10 物品材料,match,n. ⽕柴; ⽐赛; 匹配的⼈或物 v. 与…匹配
Chapter-10 物品材料,candle,n. 蜡烛
Chapter-10 物品材料,wax,n. 蜡
Chapter-10 物品材料,portfolio,"n. ⽂件夹, 公事包"
Chapter-10 物品材料,paperback,"n. 简装书, 平装书"
Chapter-10 物品材料,pamphlet,n. ⼩册⼦
Chapter-10 物品材料,tissue,"n. ⾯⼱纸; 薄绢, 薄纸"
Chapter-10 物品材料,cover,n. 封⾯; 盖⼦; 套⼦
Chapter-10 物品材料,Xerox,"n. 复印件 v. 复印, 影印"
Chapter-10 物品材料,duplicate,"v. 重复 n. 副本, 复制品"
Chapter-10 物品材料,memorandum,n. 备忘录; 建议书
Chapter-10 物品材料,stationery,n. ⽂具; 信纸
Chapter-10 物品材料,glue,"n. 胶, 胶⽔"
Chapter-10 物品材料,ink,"n. 墨⽔, 油墨"
Chapter-10 物品材料,rubber,n. 橡胶; 橡⽪擦
Chapter-10 物品材料,scissors,n. 剪⼑; 剪⼦
Chapter-10 物品材料,shear,v. ⼤剪⼑ v. 剪
Chapter-10 物品材料,edge,n. 边; 边缘; ⼑⼝
Chapter-10 物品材料,rim,"n. (圆形物)边缘, 外缘"
Chapter-10 物品材料,element,n. 元素; 组成部分; 基本部分
Chapter-10 物品材料,factor,"n. 因素, 要素"
Chapter-10 物品材料,section,n. 部分; 章; 节
Chapter-10 物品材料,tag,n. 标签; 称号
Chapter-10 物品材料,label,"n. 标签, 标贴"
Chapter-10 物品材料,badge,n. 徽章; 证章; 标志; 象征
Chapter-10 物品材料,bolt,n. 螺栓; 插销 v. 闩上(⻔、窗)
Chapter-10 物品材料,knob,n. 球形把⼿; 旋钮
Chapter-10 物品材料,handle,"n. 把⼿, 柄 v. 拿; 处理"
Chapter-10 物品材料,shutter,n. 百叶窗; 遮光器; 快⻔ v. 停⽌(营业)
Chapter-10 物品材料,curtain,n. 窗帘; 帘; 幕布 v. 给…装上帘⼦
Chapter-10 物品材料,pane,n. (⼀块)窗玻璃
Chapter-10 物品材料,opacity,n. 不透明性
Chapter-10 物品材料,jar,"n. 罐⼦, ⼴⼝瓶; 猛烈震动"
Chapter-10 物品材料,barrel,n. 桶
Chapter-10 物品材料,bucket,n. (有提⼿的)桶
Chapter-10 物品材料,pail,"n. 桶, 提桶"
Chapter-10 物品材料,phone,n. 电话; 电话机
Chapter-10 物品材料,bell,n. 钟; 铃
Chapter-10 物品材料,camera,n. 照相机; 摄像机
Chapter-10 物品材料,portable,"adj. ⼿提式的, 便携式的"
Chapter-10 物品材料,spotlight,n. 聚光灯
Chapter-10 物品材料,lantern,"n. 灯笼, 提灯"
Chapter-10 物品材料,bulb,n. 电灯泡
Chapter-10 物品材料,flashlight,n. ⼿电筒
Chapter-10 物品材料,refrigerator,n. 冰箱
Chapter-10 物品材料,fridge,n. 冰箱
Chapter-10 物品材料,vacuum,n. 真空; 真空吸尘器 adj. 真空的
Chapter-10 物品材料,fan,n. 扇⼦
Chapter-10 物品材料,switch,n. 开关
Chapter-10 物品材料,hurdle,n. 栏架; 跨栏赛跑
Chapter-10 物品材料,fence,n. 栅栏; 围栏
Chapter-10 物品材料,pedal,n. 踏板
Chapter-10 物品材料,shelf,n. 架⼦
Chapter-10 物品材料,ladder,n. 梯⼦
Chapter-10 物品材料,lift,"v. 提, 抬, 提⾼ n. 电梯"
Chapter-10 物品材料,stool,n. 凳⼦
Chapter-10 物品材料,drawer,n. 抽屉
Chapter-10 物品材料,umbrella,n. ⾬伞
Chapter-10 物品材料,raincoat,n. ⾬⾐
Chapter-10 物品材料,dredge,"n. 挖泥船, 挖掘机 v. 挖掘; 撒(糖、⾯粉等)"
Chapter-10 物品材料,can,"n. 罐头, 听 v. 把(⻝品)装罐保存"
Chapter-10 物品材料,mill,n. 磨坊; 磨粉机 v. 碾碎; ⽆⽬的的乱转
Chapter-10 物品材料,forge,n. 锻铁炉 v. 锻造; 伪造
Chapter-10 物品材料,alloy,n. 合⾦
Chapter-10 物品材料,metal,n. ⾦属
Chapter-10 物品材料,iron,"n. 铁; 熨⽃ v. 熨, 烫"
Chapter-10 物品材料,lead,n. 铅
Chapter-10 物品材料,brass,n. ⻩铜
Chapter-10 物品材料,bronze,n. ⻘铜
Chapter-11 时尚潮流,cement,n. ⽔泥; 胶接剂 v. 使黏结
Chapter-11 时尚潮流,pitch,n. 沥⻘; 场地
Chapter-11 时尚潮流,lime,n. ⽯灰
Chapter-11 时尚潮流,plaster,n. 灰泥; 熟⽯膏
Chapter-11 时尚潮流,leather,n. ⽪; ⽪⾰; ⽪⾐;
Chapter-11 时尚潮流,plastic,n. 塑料
Chapter-11 时尚潮流,fibre,n. 纤维; 纤维素
Chapter-11 时尚潮流,fabric,"n. 织物, 布料"
Chapter-11 时尚潮流,knit,"v. 编织, 针织"
Chapter-11 时尚潮流,weave,v. 编织; 编造
Chapter-11 时尚潮流,canvas,n. 帆布; 油画布
Chapter-11 时尚潮流,linen,n. 亚麻布; 亚麻织物品
Chapter-11 时尚潮流,cotton,n. 棉花; 绵线; 棉布
Chapter-11 时尚潮流,nylon,n. 尼⻰
Chapter-11 时尚潮流,lumber,"n. ⽊材, ⽊料"
Chapter-11 时尚潮流,wooden,adj. ⽊制的; 呆板的
Chapter-11 时尚潮流,mine,"n. 矿, 矿井; 地雷"
Chapter-11 时尚潮流,pit,n. 深坑; 煤矿; 潜在危险
Chapter-11 时尚潮流,fuel,n. 燃料 v. 给…加燃料
Chapter-11 时尚潮流,lubricate,v. 润滑
Chapter-11 时尚潮流,diamond,"n. ⾦刚⽯, 钻⽯; 菱形"
Chapter-11 时尚潮流,crystal,"n. ⽔晶; 结晶, 晶体"
Chapter-11 时尚潮流,inferior,"adj. 差的; 下级的, 低等的 n. 级别(或地位)低的⼈; 次品"
Chapter-11 时尚潮流,counterfeit,adj. 假冒的 v. 伪造
Chapter-11 时尚潮流,fake,adj. 假冒的 n. 冒充者; 假货
Chapter-11 时尚潮流,fragile,adj. 易碎的; 脆弱的
Chapter-11 时尚潮流,miniature,"adj. 微型的, 很⼩的 n. 缩微模型; 微型画"
Chapter-11 时尚潮流,available,adj. 可⽤的; 可获得的
Chapter-11 时尚潮流,durable,adj. 耐⽤的; 持久的
Chapter-11 时尚潮流,fashion,"n. 时尚 v. 制作, 制成"
Chapter-11 时尚潮流,style,n. ⻛格; 样式; 时尚
Chapter-11 时尚潮流,trend,"n. 趋势, 倾向"
Chapter-11 时尚潮流,tendency,"n. 潮流, 趋势 adj. 当前的"
Chapter-11 时尚潮流,current,"n. 潮流, 趋势 adj. 当前的"
Chapter-11 时尚潮流,popularity,n. 流⾏
Chapter-11 时尚潮流,vogue,n. 流⾏
Chapter-11 时尚潮流,prevail,v. 流⾏; 盛⾏; 获胜
Chapter-11 时尚潮流,model,n. 模型; 模范; 模特 v. 模仿
Chapter-11 时尚潮流,icon,n. 偶像; 图标
Chapter-11 时尚潮流,idol,"n. 偶像, 受到崇拜的⼈或物; 神像"
Chapter-11 时尚潮流,luxury,n. 奢侈; 奢侈品
Chapter-11 时尚潮流,extravagant,adj. 奢侈的; 过份的
Chapter-11 时尚潮流,jewellery,"n. 珠宝, ⾸饰"
Chapter-11 时尚潮流,jewel,n. 宝⽯
Chapter-11 时尚潮流,gem,n. 宝⽯; 珍品
Chapter-11 时尚潮流,jade,"n. ⽟⽯, 翡翠"
Chapter-11 时尚潮流,adorn,"v. 装饰, 装扮"
Chapter-11 时尚潮流,ornament,n. 装饰品 v. 装饰
Chapter-11 时尚潮流,embellish,v. 修饰
Chapter-11 时尚潮流,embroider,v. 刺绣; 对(故事等)加以渲染
Chapter-11 时尚潮流,hairdressing,"n. 美发, 理发"
Chapter-11 时尚潮流,pigment,n. ⾊素; 颜料
Chapter-11 时尚潮流,dye,v. 染⾊ n. 染料
Chapter-11 时尚潮流,masquerade,v. 化装; 假扮 n. 化装舞会
Chapter-11 时尚潮流,veil,n. ⾯纱; 遮蔽物
Chapter-11 时尚潮流,costume,n. 戏服; 服装
Chapter-11 时尚潮流,fascinate,"v. 迷住, 深深吸引"
Chapter-11 时尚潮流,decent,adj. 得体的; 尚好的
Chapter-11 时尚潮流,exquisite,adj. 精致的; 雅致的
Chapter-11 时尚潮流,grace,"n. 优美, 优雅"
Chapter-11 时尚潮流,elegance,"n. 典雅, ⽂雅"
Chapter-11 时尚潮流,perfect,adj. 完美的
Chapter-11 时尚潮流,appearance,n. 外貌; 出现
Chapter-11 时尚潮流,cosmetics,n. 化妆品
Chapter-11 时尚潮流,make-up,n. 化妆品
Chapter-11 时尚潮流,handsome,adj. 英俊的; 数量⼤的
Chapter-11 时尚潮流,charming,adj. 迷⼈的
Chapter-11 时尚潮流,pretty,adj. 漂亮的 adv. 相当地
Chapter-11 时尚潮流,beautiful,adj. 美丽的
Chapter-11 时尚潮流,ugly,adj. 丑陋的
Chapter-11 时尚潮流,dress,n. ⾐服; 连⾐裙
Chapter-11 时尚潮流,clothe,v. 给…穿⾐
Chapter-11 时尚潮流,uniform,n. 制服 adj. ⼀致的
Chapter-11 时尚潮流,garment,n. (⼀件)⾐服
Chapter-11 时尚潮流,laundry,n. 洗⾐店; 要洗的⾐服
Chapter-11 时尚潮流,wardrobe,n. ⾐柜; 全部服装
Chapter-11 时尚潮流,overall,n. 罩⾐ adj. 全⾯的
Chapter-11 时尚潮流,overcoat,n. ⼤⾐
Chapter-11 时尚潮流,robe,n. ⻓袍; 浴袍
Chapter-11 时尚潮流,gown,n. ⻓外⾐; ⼥礼服
Chapter-11 时尚潮流,sweater,"n. ⽑⾐, 线⾐"
Chapter-11 时尚潮流,jacket,n. 夹克衫
Chapter-11 时尚潮流,skirt,n. 裙⼦
Chapter-11 时尚潮流,jeans,n. ⽜仔裤
Chapter-11 时尚潮流,trousers,n. 裤⼦
Chapter-11 时尚潮流,clasp,n. 搭扣 v. 扣住
Chapter-11 时尚潮流,button,v. 纽扣; 按钮 v. 扣上…的纽扣
Chapter-11 时尚潮流,glove,n. ⼿套
Chapter-11 时尚潮流,hat,n. 帽⼦
Chapter-11 时尚潮流,cap,n. 帽⼦
Chapter-11 时尚潮流,brim,n. 边缘; 帽檐
Chapter-11 时尚潮流,scarf,"n. 围⼱, 头⼱"
Chapter-11 时尚潮流,handkerchief,n. ⼿帕
Chapter-11 时尚潮流,purse,n. 钱包; ⼩⼿提包
Chapter-11 时尚潮流,wallet,"n. 钱包, ⽪夹⼦"
Chapter-11 时尚潮流,vest,n. ⻢甲; 汗衫; ⻄装背⼼
Chapter-11 时尚潮流,wrap,"n. 披肩; 包裹物 v. 包, 裹"
Chapter-11 时尚潮流,cloak,"n. 披⻛, ⽃篷"
Chapter-11 时尚潮流,collar,n. ⾐领; 项圈
Chapter-11 时尚潮流,sleeve,n. 袖⼦
Chapter-11 时尚潮流,sock,n. 短袜
Chapter-11 时尚潮流,stocking,n. ⻓筒袜
Chapter-11 时尚潮流,slipper,n. 拖鞋
Chapter-11 时尚潮流,boot,n. 靴⼦
Chapter-11 时尚潮流,lace,n. 鞋带; 花边; 蕾丝
Chapter-11 时尚潮流,tailor,v. 裁缝 v. 专⻔制作
Chapter-11 时尚潮流,sew,"v. 缝制, 缝补"
Chapter-11 时尚潮流,spin,v. 纺; 旋转 n. ⾼速旋转
Chapter-11 时尚潮流,stitch,n. 针脚 v. 缝
Chapter-11 时尚潮流,needle,n. 针
Chapter-11 时尚潮流,pin,"n. 别针, ⼤头针 v. 别住, 钉住"
Chapter-11 时尚潮流,string,n. 线; ⼀串; 字符串
Chapter-11 时尚潮流,thread,n. 线; 螺纹
Chapter-11 时尚潮流,strap,n. 带⼦ v. ⽤带⼦系(或捆、扎)
Chapter-11 时尚潮流,stripe,n. 条纹
Chapter-11 时尚潮流,ribbon,"n. 缎带, 丝带"
Chapter-11 时尚潮流,belt,"n. 腰带, ⽪带; 地带, 地区"
Chapter-11 时尚潮流,chain,"n. 链⼦, 链条"
Chapter-11 时尚潮流,bracelet,n. ⼿镯; ⼿铐
Chapter-11 时尚潮流,necklace,n. 项链
Chapter-11 时尚潮流,bead,n. 珠⼦; ⼩滴 v. 形成珠状
Chapter-11 时尚潮流,textile,n. 纺织品 adj. 纺织的
Chapter-11 时尚潮流,velvet,"n. 丝绒, 天鹅绒"
Chapter-11 时尚潮流,wool,n. ⽑线; ⽑
Chapter-11 时尚潮流,patch,n. 补丁; ⼩⽚ v. 补缀
Chapter-11 时尚潮流,rag,n. 破布
Chapter-11 时尚潮流,shabby,adj. 破旧的; ⾐衫褴褛的
Chapter-11 时尚潮流,tight,adj. 紧的
Chapter-11 时尚潮流,colour,n. 颜⾊; 颜料
Chapter-11 时尚潮流,white,n. ⽩⾊ adj. ⽩⾊的
Chapter-11 时尚潮流,yellow,adj. ⻩⾊的 n. ⻩⾊
Chapter-11 时尚潮流,brown,n. 棕⾊ adj. 棕⾊的
Chapter-11 时尚潮流,grey,n. 灰⾊ adj. 灰⾊的
Chapter-11 时尚潮流,pink,adj. 粉红⾊的 n. 粉红⾊
Chapter-11 时尚潮流,purple,adj. 紫⾊的 n. 紫⾊
Chapter-11 时尚潮流,tan,n. 棕⻩⾊; 晒成的棕褐⾊ adj. 棕⻩⾊的
Chapter-11 时尚潮流,fade,v. 褪⾊ v. 逐渐消失
Chapter-11 时尚潮流,stain,v. 染污 n. 污渍
Chapter-11 时尚潮流,blot,n. 污点
Chapter-11 时尚潮流,figure,n. 身材; 身影; 重要⼈物; 数字 v. 认为
Chapter-11 时尚潮流,slender,adj. 苗条的; 微弱的
Chapter-11 时尚潮流,slight,adj. 纤细的; 轻微的
Chapter-12 饮⻝健康,food,n. ⻝物
Chapter-12 饮⻝健康,diet,n. ⽇常饮⻝; 特别饮⻝; 节⻝
Chapter-12 饮⻝健康,appetite,n. ⻝欲; 胃⼝
Chapter-12 饮⻝健康,treat,v. 请客; 对待; 治疗 n. 款待
Chapter-12 饮⻝健康,cater,v. 为…提供饮⻝; 满⾜…的需要
Chapter-12 饮⻝健康,provision,n. 供应; 预备
Chapter-12 饮⻝健康,edible,adj. 可以吃的
Chapter-12 饮⻝健康,recipe,n. ⻝谱; 秘诀
Chapter-12 饮⻝健康,restaurant,n. 餐馆
Chapter-12 饮⻝健康,refectory,"n. ⻝堂, 餐厅"
Chapter-12 饮⻝健康,bar,n. 酒吧; 吧台
Chapter-12 饮⻝健康,cafeteria,n. ⾃助餐厅; ⻝堂
Chapter-12 饮⻝健康,buffet,n. ⾃助餐
Chapter-12 饮⻝健康,barbecue,n. 烧烤野餐; 烤架 v. 烧烤
Chapter-12 饮⻝健康,supper,n. 晚餐; 夜宵
Chapter-12 饮⻝健康,banquet,"n. 宴会, 盛宴"
Chapter-12 饮⻝健康,refreshment,n. 茶点; 点⼼
Chapter-12 饮⻝健康,snack,"n. 快餐, ⼩吃, 零⻝"
Chapter-12 饮⻝健康,appetiser,"n. 开胃饮料, 开胃⼩吃"
Chapter-12 饮⻝健康,cuisine,n. 菜肴; 烹饪
Chapter-12 饮⻝健康,menu,n. 菜单
Chapter-12 饮⻝健康,order,n. 订单; 点的餐 v. 点(酒菜等)
Chapter-12 饮⻝健康,takeaway,"n. 外卖餐馆, 外卖⻝物"
Chapter-12 饮⻝健康,chef,n. 厨师
Chapter-12 饮⻝健康,gourmet,n. 美⻝家 adj. 美味佳肴的
Chapter-12 饮⻝健康,vegetarian,n. 素⻝者 adj. 素⻝的; ⽆⾁的
Chapter-12 饮⻝健康,cutlery,n. 餐具; ⼑具
Chapter-12 饮⻝健康,silver,n. 银; 银器 adj. 银的; 银⾊的
Chapter-12 饮⻝健康,ceramic,n. 陶瓷制品 adj. 陶瓷的
Chapter-12 饮⻝健康,porcelain,n. 瓷器; 瓷
Chapter-12 饮⻝健康,bowl,n. 碗
Chapter-12 饮⻝健康,dish,"n. 盘, 碟; 菜肴"
Chapter-12 饮⻝健康,saucer,"n. 茶托, 茶碟"
Chapter-12 饮⻝健康,tray,n. 托盘
Chapter-12 饮⻝健康,fork,n. 餐叉; 分岔处
Chapter-12 饮⻝健康,knife,n. ⼑
Chapter-12 饮⻝健康,spoon,n. 调羹; 匙
Chapter-12 饮⻝健康,glass,n. 玻璃杯; 玻璃
Chapter-12 饮⻝健康,mug,"n. ⼤杯, ⻢克杯"
Chapter-12 饮⻝健康,kettle,n. ⽔壶
Chapter-12 饮⻝健康,pan,n. 平底锅; 烤盘
Chapter-12 饮⻝健康,pot,n. 锅; 壶
Chapter-12 饮⻝健康,stove,n. 炉⼦
Chapter-12 饮⻝健康,furnace,n. 熔炉
Chapter-12 饮⻝健康,oven,n. 烤箱
Chapter-12 饮⻝健康,tin,n. 罐头; 锡
Chapter-12 饮⻝健康,lid,n. 盖⼦
Chapter-12 饮⻝健康,drink,"v. 饮, 喝; 喝酒 n. 饮料"
Chapter-12 饮⻝健康,beverage,n. 饮料
Chapter-12 饮⻝健康,juice,"n. 果汁, 菜汁"
Chapter-12 饮⻝健康,soda,n. 苏打⽔; [美]汽⽔
Chapter-12 饮⻝健康,coffee,n. 咖啡
Chapter-12 饮⻝健康,alcohol,"n. 酒精, 酒"
Chapter-12 饮⻝健康,liquor,n. 烈性酒
Chapter-12 饮⻝健康,whisky,n. 威⼠忌酒
Chapter-12 饮⻝健康,brandy,n. ⽩兰地酒
Chapter-12 饮⻝健康,drunk,adj. 醉的
Chapter-12 饮⻝健康,tobacco,n. 烟草
Chapter-12 饮⻝健康,cigarette,n. ⾹烟
Chapter-12 饮⻝健康,sober,adj. 清醒的; 头脑清醒的 n. 醒酒
Chapter-12 饮⻝健康,vegetable,n. 蔬菜
Chapter-12 饮⻝健康,tomato,n. 番茄
Chapter-12 饮⻝健康,potato,n. ⻢铃薯
Chapter-12 饮⻝健康,pea,n. 豌⾖
Chapter-12 饮⻝健康,bean,n. ⾖
Chapter-12 饮⻝健康,cucumber,n. ⻩⽠
Chapter-12 饮⻝健康,cabbage,n. 卷⼼菜; 洋⽩菜
Chapter-12 饮⻝健康,onion,n. 洋葱
Chapter-12 饮⻝健康,mushroom,n. 蘑菇 v. 呈蘑菇状扩散
Chapter-12 饮⻝健康,eggplant,n. 茄⼦
Chapter-12 饮⻝健康,carrot,n. 胡萝⼘
Chapter-12 饮⻝健康,turnip,"n. 芜菁, 萝⼘"
Chapter-12 饮⻝健康,radish,n. 樱桃萝⼘
Chapter-12 饮⻝健康,fruit,n. ⽔果; 成果
Chapter-12 饮⻝健康,peel,n. (⽔果)⽪ v. 剥(⽪)
Chapter-12 饮⻝健康,strip,"v. 剥去, 除去 n. 条, 带"
Chapter-12 饮⻝健康,core,n. 果核
Chapter-12 饮⻝健康,hull,n. 外壳; 船体 v. 剥去外壳
Chapter-12 饮⻝健康,cherry,n. 樱桃; 樱桃树
Chapter-12 饮⻝健康,berry,n. 浆果
Chapter-12 饮⻝健康,grape,n. 葡萄
Chapter-12 饮⻝健康,papaya,n. 番⽊⽠
Chapter-12 饮⻝健康,peach,n. 桃⼦
Chapter-12 饮⻝健康,pear,n. 梨⼦
Chapter-12 饮⻝健康,plum,n. 李⼦
Chapter-12 饮⻝健康,orange,n. 橙⼦
Chapter-12 饮⻝健康,melon,n. 甜⽠; ⽠
Chapter-12 饮⻝健康,lemon,n. 柠檬
Chapter-12 饮⻝健康,kiwi,n. 猕猴桃
Chapter-12 饮⻝健康,crop,"n. 庄稼; 收成, 产量"
Chapter-12 饮⻝健康,corn,n. ⽟⽶; ⾕物
Chapter-12 饮⻝健康,grain,n. ⾕物; 颗粒
Chapter-12 饮⻝健康,wheat,n. ⼩⻨
Chapter-12 饮⻝健康,reap,v. 收割; 收获
Chapter-12 饮⻝健康,flour,n. ⾯粉
Chapter-12 饮⻝健康,porridge,n. ⻨⽚粥
Chapter-12 饮⻝健康,paste,n. ⾯团; 糨糊
Chapter-12 饮⻝健康,livestock,"n. 家畜, 牲畜"
Chapter-12 饮⻝健康,chicken,n. 鸡
Chapter-12 饮⻝健康,turkey,n. ⽕鸡
Chapter-12 饮⻝健康,beef,n. ⽜⾁
Chapter-12 饮⻝健康,pork,n. 猪⾁
Chapter-12 饮⻝健康,mutton,n. ⽺⾁
Chapter-12 饮⻝健康,sausage,n. ⾹肠
Chapter-12 饮⻝健康,fish,n. ⻥ v. 钓⻥
Chapter-12 饮⻝健康,pond,n. 池塘
Chapter-12 饮⻝健康,rod,"n. 杆, 竿"
Chapter-12 饮⻝健康,dairy,n. 乳制品; 乳品店 adj. 乳制的
Chapter-12 饮⻝健康,milk,n. 奶 v. 挤奶
Chapter-12 饮⻝健康,yogurt,n. 酸奶
Chapter-12 饮⻝健康,cream,n. 奶油
Chapter-12 饮⻝健康,cheese,n. 奶酪
Chapter-12 饮⻝健康,butter,n. ⻩油
Chapter-12 饮⻝健康,salad,n. ⾊拉
Chapter-12 饮⻝健康,sandwich,n. 三明治 v. 把…夹⼊
Chapter-12 饮⻝健康,hamburger,n. 汉堡包; 汉堡⽜⾁瓶
Chapter-12 饮⻝健康,loaf,"n. ⼀条(⾯包) v. 游荡, 闲逛"
Chapter-12 饮⻝健康,pie,"n. 派, 馅饼"
Chapter-12 饮⻝健康,pizza,n. ⽐萨饼
Chapter-12 饮⻝健康,pasta,n. 意⼤利⾯⻝
Chapter-12 饮⻝健康,spaghetti,n. 意⼤利⾯条
Chapter-12 饮⻝健康,soup,n. 汤
Chapter-12 饮⻝健康,pudding,n. 布丁
Chapter-12 饮⻝健康,biscuit,"n. [英]饼⼲; [美]烤饼, ⼩圆⾯包"
Chapter-12 饮⻝健康,jam,n. 果酱
Chapter-12 饮⻝健康,nut,n. 坚果; 螺⺟
Chapter-12 饮⻝健康,chocolate,n. 巧克⼒
Chapter-12 饮⻝健康,ice cream,n. 冰激凌
Chapter-12 饮⻝健康,vanilla,n. ⾹草 adj. ⾹草味的
Chapter-12 饮⻝健康,mustard,n. 芥末; 芥菜
Chapter-12 饮⻝健康,wasabi,n. ⼭葵
Chapter-12 饮⻝健康,pepper,n. 柿⼦椒; 胡椒粉
Chapter-12 饮⻝健康,ginger,n. 姜
Chapter-12 饮⻝健康,garlic,n. 蒜
Chapter-12 饮⻝健康,scallion,n. 葱
Chapter-12 饮⻝健康,vinegar,n. 醋
Chapter-12 饮⻝健康,salt,n. 盐
Chapter-12 饮⻝健康,sugar,n. 糖
Chapter-12 饮⻝健康,candy,n. 糖果
Chapter-12 饮⻝健康,honey,n. 蜂蜜
Chapter-12 饮⻝健康,flavour,"n. 味道; ⼝味; 特⾊, ⻛格"
Chapter-12 饮⻝健康,sour,adj. 酸的; 闷闷不乐的
Chapter-12 饮⻝健康,sweet,adj. 甜的; 愉快的
Chapter-13 建筑场所,bitter,adj. 苦的; 痛苦的; 严寒的
Chapter-13 建筑场所,delicious,adj. 美味的
Chapter-13 建筑场所,yummy,adj. 美味的
Chapter-13 建筑场所,tasty,"adj. 美味的, 可⼝的"
Chapter-13 建筑场所,hunger,n. 饥饿; 饥饿感; 渴望
Chapter-13 建筑场所,thirsty,adj. 渴的; 渴望的
Chapter-13 建筑场所,spice,n. ⾹料
Chapter-13 建筑场所,sauce,n. 酱汁
Chapter-13 建筑场所,ketchup,n. 番茄酱
Chapter-13 建筑场所,perfume,"n. ⾹味, 芳⾹; ⾹⽔"
Chapter-13 建筑场所,ingredient,"n. (烹调的)原料, 调料; 原料; 因素"
Chapter-13 建筑场所,supplement,"n. 营养补剂; 补贴 v. 增补, 补充"
Chapter-13 建筑场所,digest,"v. 消化; 理解, 领悟"
Chapter-13 建筑场所,cook,"v. 烹调, 烧, 煮 n. 厨师"
Chapter-13 建筑场所,bake,v. 烧烤; 烤熟
Chapter-13 建筑场所,fry,v. 油煎
Chapter-13 建筑场所,roast,v. 烤 n. 烤⾁
Chapter-13 建筑场所,toast,"n. 烤⾯包⽚ v. 向…祝酒, 为…⼲杯; 烤"
Chapter-13 建筑场所,suck,v. 吮吸
Chapter-13 建筑场所,swallow,"v. 咽下, 吞下 n. 燕⼦"
Chapter-13 建筑场所,lick,v. 舔
Chapter-13 建筑场所,chew,v. 咀嚼
Chapter-13 建筑场所,gum,n. ⼝⾹糖; 树胶
Chapter-13 建筑场所,soak,v. 浸泡; 使湿透
Chapter-13 建筑场所,dip,"v. 蘸, 浸"
Chapter-13 建筑场所,squeeze,v. 挤压
Chapter-13 建筑场所,stir,v. 搅动; (使)⾏动
Chapter-13 建筑场所,grind,v. 碾碎 n. 枯燥乏味的事
Chapter-13 建筑场所,slice,"v. 切, 划, 将…切成薄⽚ n. (切下的⻝物的)薄⽚"
Chapter-13 建筑场所,architecture,n. 建筑学; 建筑⻛格
Chapter-13 建筑场所,erection,n. 建筑; 结构
Chapter-13 建筑场所,structure,n. 建筑物; 结构
Chapter-13 建筑场所,construct,v. 建造; 建设
Chapter-13 建筑场所,obstruct,v. 阻塞; 防碍
Chapter-13 建筑场所,establish,"v. 建⽴, 设⽴"
Chapter-13 建筑场所,build,v. 建造; 开发
Chapter-13 建筑场所,found,v. 建⽴; 创办
Chapter-13 建筑场所,concrete,n. 混凝⼟ adj. 具体的; 混凝⼟制的
Chapter-13 建筑场所,steel,n. 钢铁
Chapter-13 建筑场所,stability,n. 稳定(性)
Chapter-13 建筑场所,site,n. 地点
Chapter-13 建筑场所,venue,"n. 发⽣地点, 举⾏场所"
Chapter-13 建筑场所,landmark,n. 地标; ⾥程碑
Chapter-13 建筑场所,situated,adj. 位于…的; 坐落在…的
Chapter-13 建筑场所,locate,"v. 放置, 建⽴, 找到"
Chapter-13 建筑场所,reside,v. 居住
Chapter-13 建筑场所,inhabit,v. 居住于
Chapter-13 建筑场所,migrate,v. 迁徙; 移居
Chapter-13 建筑场所,settle,v. 解决; 使定居; 在…定居
Chapter-13 建筑场所,dwelling,n. 住所
Chapter-13 建筑场所,skyscraper,n. 摩天⼤楼
Chapter-13 建筑场所,villa,n. 乡间别墅; 度假别墅
Chapter-13 建筑场所,mansion,n. 公馆; 宅第
Chapter-13 建筑场所,apartment,n. 公寓套房
Chapter-13 建筑场所,flat,"n. 单元房, 公寓"
Chapter-13 建筑场所,hostel,n. 廉价招待所
Chapter-13 建筑场所,lodge,n. ⼩屋; 度假屋 v. 租住
Chapter-13 建筑场所,hut,"n. ⼩屋, 草屋, 棚屋"
Chapter-13 建筑场所,cabin,n. ⼩⽊屋; (船上的)⼩舱
Chapter-13 建筑场所,cellar,n. 地窖; 地下室; 酒窖
Chapter-13 建筑场所,shed,"n. 简易房, 棚 v. 流, 洒, 摆脱"
Chapter-13 建筑场所,cottage,"n. 村舍, ⼩屋"
Chapter-13 建筑场所,nursery,n. 托⼉所 adj. 托⼉所的
Chapter-13 建筑场所,cradle,n. 摇篮; 发源地
Chapter-13 建筑场所,shelter,n. 庇护处; 掩蔽 v. 庇护; 遮蔽
Chapter-13 建筑场所,block,n. 街区; 障碍; ⼀块
Chapter-13 建筑场所,grid,n. ⽹络; 栅栏; 输电⽹
Chapter-13 建筑场所,aisle,"n. ⾛廊, 过道"
Chapter-13 建筑场所,porch,n. ⻔廊
Chapter-13 建筑场所,corridor,"n. ⾛廊, 通道"
Chapter-13 建筑场所,stair,n. 楼梯
Chapter-13 建筑场所,staircase,n. (建筑物内的)楼梯
Chapter-13 建筑场所,storey,n. 楼层
Chapter-13 建筑场所,layer,n. 层
Chapter-13 建筑场所,elevator,n. 电梯
Chapter-13 建筑场所,escalator,n. ⾃动扶梯
Chapter-13 建筑场所,handrail,"n. 扶⼿, 栏杆"
Chapter-13 建筑场所,pillar,n. 柱⼦; 中坚; 栋梁
Chapter-13 建筑场所,column,n. 柱; 专栏; (书、报纸等印刷⻚的)栏
Chapter-13 建筑场所,beam,n. 梁; 光线; 光柱
Chapter-13 建筑场所,vault,n. 拱顶; ⾦库; 保险库
Chapter-13 建筑场所,arch,n. 拱⻔
Chapter-13 建筑场所,ceiling,n. 天花板
Chapter-13 建筑场所,eaves,n. 屋檐
Chapter-13 建筑场所,chimney,n. 烟囱
Chapter-13 建筑场所,reception,n. 接待处
Chapter-13 建筑场所,lobby,"n. ⼤厅, 前厅; 游说 v. 游说"
Chapter-13 建筑场所,bench,n. ⻓凳
Chapter-13 建筑场所,parlour,n. 客厅
Chapter-13 建筑场所,fireplace,n. 壁炉
Chapter-13 建筑场所,radiator,n. 暖⽓设备
Chapter-13 建筑场所,living room,n. 客厅
Chapter-13 建筑场所,cabinet,n. 储藏柜; 内阁
Chapter-13 建筑场所,balcony,n. 阳台; (剧院的)楼座
Chapter-13 建筑场所,terrace,"n. ⼤阳台, 露天平台"
Chapter-13 建筑场所,kitchen,n. 厨房; 厨师
Chapter-13 建筑场所,lavatory,n. 盥洗室; 厕所
Chapter-13 建筑场所,toilet,n. 洗⼿间
Chapter-13 建筑场所,bath,n. 洗澡;
Chapter-13 建筑场所,basin,n. 盆; 盆地
Chapter-13 建筑场所,reserve,n. 储备(量); ⾃然保护区 v. 预订; 保留
Chapter-13 建筑场所,store,n. 商店; 贮存物 v. 贮存
Chapter-13 建筑场所,mall,n. 购物中⼼
Chapter-13 建筑场所,complex,n. 综合建筑群
Chapter-13 建筑场所,supermarket,n. 超市
Chapter-13 建筑场所,booth,n. 售货摊; 电话亭
Chapter-13 建筑场所,casino,n. 赌场
Chapter-13 建筑场所,studio,n. 演播室; ⼯作室; 单间公寓
Chapter-13 建筑场所,downtown,n. 市中⼼ adj. 市中⼼的
Chapter-13 建筑场所,urban,adj. 城市的
Chapter-13 建筑场所,peripheral,adj. 外围的 n. 外围设备
Chapter-13 建筑场所,vicinity,"n. 附近, 邻近地区"
Chapter-13 建筑场所,room,n. 房间; 空间
Chapter-13 建筑场所,void,n. 空间; 空⽩; 空虚 adj. 空的
Chapter-13 建筑场所,spacious,adj. 宽敞的
Chapter-13 建筑场所,airtight,adj. 密封的
Chapter-13 建筑场所,expanse,"n. ⼴阔, 辽阔"
Chapter-13 建筑场所,plaza,n. ⼴场; 购物中⼼
Chapter-13 建筑场所,castle,n. 城堡
Chapter-13 建筑场所,carpenter,n. ⽊匠
Chapter-13 建筑场所,mason,"n. ⽯匠, 泥瓦匠"
Chapter-13 建筑场所,tile,n. 瓦; 瓷砖
Chapter-13 建筑场所,brickwork,n. 砌砖; 砖结构
Chapter-13 建筑场所,suspension,n. 悬浮; 暂停; 暂缓
Chapter-13 建筑场所,lever,n. 杠杆; 操纵杆
Chapter-13 建筑场所,pole,n. 杆; 竿
Chapter-13 建筑场所,scaffold,n. 脚⼿架; 绞型架
Chapter-13 建筑场所,infrastructure,n. 基础设施; 基础建设
Chapter-13 建筑场所,apparatus,"n. 器械, 装置"
Chapter-13 建筑场所,crane,n. 起重机
Chapter-13 建筑场所,malfunction,v. 发⽣故障
Chapter-13 建筑场所,maintain,v. 维持; 维修; 坚称
Chapter-13 建筑场所,fix,v. 修理; 使固定
Chapter-13 建筑场所,mend,v. 修理; 康复; 缝补
Chapter-13 建筑场所,modify,v. 修改
Chapter-13 建筑场所,trim,"v. 修剪; 装饰 adj. 整⻬的, 整洁的"
Chapter-13 建筑场所,weld,v. 焊接; 使紧密结合
Chapter-13 建筑场所,screw,n. 螺丝钉; 螺旋浆
Chapter-13 建筑场所,drill,n. 钻机; 反复练习 v. 钻孔; 训练
Chapter-14 交通旅⾏,plumb,n. 铅锤 v. ⽤铅锤线校正
Chapter-14 交通旅⾏,viaduct,n. ⾼架桥
Chapter-14 交通旅⾏,span,"n. 跨距, 跨度; 持续时间"
Chapter-14 交通旅⾏,dam,"n. ⽔坝 v. 控制, 抵制"
Chapter-14 交通旅⾏,assemble,v. 组装; 装配
Chapter-14 交通旅⾏,install,v. 安装
Chapter-14 交通旅⾏,furnish,v. 为…配备家具陈设
Chapter-14 交通旅⾏,placement,"n. 放置, 布置"
Chapter-14 交通旅⾏,layout,"n. 设计, 布置, 安排"
Chapter-14 交通旅⾏,design,v. 设计; 计划 n. 设计
Chapter-14 交通旅⾏,entrance,n. ⼊⼝; 进⼊权
Chapter-14 交通旅⾏,entry,v. 进⼊; 进⼊权
Chapter-14 交通旅⾏,enter,v. 进⼊
Chapter-14 交通旅⾏,exit,n. 出⼝; 退场; 离去 v. 离去
Chapter-14 交通旅⾏,outside,adj. 外部的 n. 外表
Chapter-14 交通旅⾏,outward,adj. 向外的 adv. 向外
Chapter-14 交通旅⾏,exterior,"n. 外部, 外观 adj. 外部的"
Chapter-14 交通旅⾏,external,n. 外来的; 外⾯的; 对外的
Chapter-14 交通旅⾏,inner,adj. 内部的; 内⼼的
Chapter-14 交通旅⾏,interior,n. 内部 adj. 内部的
Chapter-14 交通旅⾏,inward,adj. 向内的; 内⼼的 adv. 向内
Chapter-14 交通旅⾏,internal,adj. 内部的; ⾃身的; 国内的
Chapter-14 交通旅⾏,navigate,v. 航⾏; 横渡
Chapter-14 交通旅⾏,voyage,"n. 航海, 航天; 航⾏"
Chapter-14 交通旅⾏,aviation,n. 航空; 航空学; 航空⼯业
Chapter-14 交通旅⾏,journey,n. 旅⾏; 历程
Chapter-14 交通旅⾏,travel,n. v. 旅⾏
Chapter-14 交通旅⾏,safari,n. 观兽旅⾏
Chapter-14 交通旅⾏,parade,n. 庆祝流⾏; 列队⾏进; 炫耀 n. 游⾏; 炫耀
Chapter-14 交通旅⾏,haunt,v. (⻤魂等)常出没于 n. 常去的地⽅
Chapter-14 交通旅⾏,attraction,n. 吸引; 具有吸引⼒的事物
Chapter-14 交通旅⾏,memorial,"n. 纪念碑 adj. 纪念的, 悼念的"
Chapter-14 交通旅⾏,pyramid,n. ⾦字塔; 棱锥体
Chapter-14 交通旅⾏,port,n. 港⼝; 左舷
Chapter-14 交通旅⾏,visa,n. 签证
Chapter-14 交通旅⾏,traffic,n. 交通
Chapter-14 交通旅⾏,airline,n. 航空公司
Chapter-14 交通旅⾏,airplane,n. ⻜机
Chapter-14 交通旅⾏,helicopter,n. 直升机 v. ⽤直升机载送; 乘直升⻜机旅⾏
Chapter-14 交通旅⾏,jet,n. 喷⽓式⻜机; 喷射⼝
Chapter-14 交通旅⾏,parachute,n. 降落伞
Chapter-14 交通旅⾏,flight,n. ⻜⾏; 航班
Chapter-14 交通旅⾏,pilot,n. ⻜⾏员
Chapter-14 交通旅⾏,passenger,n. 乘客
Chapter-14 交通旅⾏,baggage,n. ⾏李
Chapter-14 交通旅⾏,luggage,n. ⾏李
Chapter-14 交通旅⾏,suitcase,n. ⼿提箱
Chapter-14 交通旅⾏,carry-on,n. ⼿提⾏李
Chapter-14 交通旅⾏,rack,"n. 搁物架, 挂物架"
Chapter-14 交通旅⾏,freight,n. 货运
Chapter-14 交通旅⾏,fare,"n. ⻋费, 路费"
Chapter-14 交通旅⾏,atlas,n. 地图册
Chapter-14 交通旅⾏,route,n. 路线
Chapter-14 交通旅⾏,itinerary,"n. ⾏程, 路线"
Chapter-14 交通旅⾏,passage,n. 通道; 通过; ⾛廊
Chapter-14 交通旅⾏,intersection,"n. ⼗字路⼝, 交叉路⼝"
Chapter-14 交通旅⾏,cross,n. ⼗字形; ⼗字架 v. 穿过
Chapter-14 交通旅⾏,path,n. ⼩路
Chapter-14 交通旅⾏,lane,n. ⼩巷; ⻋道
Chapter-14 交通旅⾏,avenue,n. ⼤街; 林荫道
Chapter-14 交通旅⾏,highway,n. 公路
Chapter-14 交通旅⾏,curb,n. 路缘; 起控制作⽤的事物
Chapter-14 交通旅⾏,signpost,n. 路标; 指示牌
Chapter-14 交通旅⾏,pave,v. 铺(路或地⾯)
Chapter-14 交通旅⾏,vehicle,"n. ⻋辆, 交通⼯具; ⼯具, ⼿段"
Chapter-14 交通旅⾏,auto,n. 汽⻋
Chapter-14 交通旅⾏,express,n. 特快列⻋; 快递服务 v. 表示 adj. 特快的
Chapter-14 交通旅⾏,tram,n. 有轨电⻋
Chapter-14 交通旅⾏,coach,n. ⻓途汽⻋; 教练; 私⼈教师 v. 训练
Chapter-14 交通旅⾏,ambulance,n. 救护⻋
Chapter-14 交通旅⾏,truck,n. 卡⻋
Chapter-14 交通旅⾏,lorry,n. 卡⻋
Chapter-14 交通旅⾏,van,n. 厢式货⻋; 客货⻋
Chapter-14 交通旅⾏,wagon,n. 四轮运货⻢⻋(或⽜⻋); 货⻋⻋厢
Chapter-14 交通旅⾏,carriage,n. 四轮⻢⻋; ⻋厢
Chapter-14 交通旅⾏,tractor,n. 拖拉机; 牵引⻋
Chapter-14 交通旅⾏,cart,n. 购物⻋; ⼿推⻋; 运货⻢⻋
Chapter-14 交通旅⾏,pedicab,n. (⼈⼒)三轮⻋
Chapter-14 交通旅⾏,cycle,v. 骑(⾃⾏⻋) n. 周期; ⾃⾏⻋
Chapter-14 交通旅⾏,garage,n. 汽⻋修理⼚; ⻋库
Chapter-14 交通旅⾏,motor,n. 发动机 adj. 机动的
Chapter-14 交通旅⾏,horsepower,n. ⻢⼒
Chapter-14 交通旅⾏,wheel,n. ⻋轮; ⽅向盘
Chapter-14 交通旅⾏,brake,n. 刹⻋; 制动器; ⻋闸 v. 刹⻋
Chapter-14 交通旅⾏,tyre,n. 轮胎
Chapter-14 交通旅⾏,honk,n. 汽⻋喇叭声; 鹅叫声 v. 按(汽⻋喇叭)
Chapter-14 交通旅⾏,crew,n. (轮船、⻜机等上的)全体⼯作⼈员; 技术团队
Chapter-14 交通旅⾏,captain,n. 船⻓; 队⻓
Chapter-14 交通旅⾏,steward,n. 男乘务员; 管家
Chapter-14 交通旅⾏,emergency,n. 紧急事件 adj. 应急的
Chapter-14 交通旅⾏,wreck,v. 使失事; 破坏 n. 失事的船只(或汽⻋、⻜机等); 残破的东⻄
Chapter-14 交通旅⾏,crash,v. 撞击; 崩溃; 破产
Chapter-14 交通旅⾏,crush,"v. 压碎, 压坏 n. 拥挤⼈群; 迷恋; 迷恋对象"
Chapter-14 交通旅⾏,dash,v. 猛冲; 猛摔
Chapter-14 交通旅⾏,vanish,v. 突然消失; 绝迹
Chapter-14 交通旅⾏,disappear,v. 失踪; 消失
Chapter-14 交通旅⾏,hazard,n. 危险 v. 使冒⻛险
Chapter-14 交通旅⾏,harbour,n. 港⼝
Chapter-14 交通旅⾏,dock,"n. 码头, 船坞"
Chapter-14 交通旅⾏,anchor,n. 锚
Chapter-14 交通旅⾏,submerge,v. 浸没; 掩盖
Chapter-14 交通旅⾏,sailor,"n. 海员, ⽔⼿"
Chapter-14 交通旅⾏,seaman,"n. 海员, ⽔⼿"
Chapter-14 交通旅⾏,carrier,n. 航空⺟舰; 运输⼯具
Chapter-14 交通旅⾏,steamer,"n. 轮船, 汽船"
Chapter-14 交通旅⾏,liner,"n. 邮轮, 客轮"
Chapter-14 交通旅⾏,vessel,"n. ⼤船, 舰; 容器, 器⽫"
Chapter-14 交通旅⾏,ferry,n. 渡船 v. 渡运
Chapter-14 交通旅⾏,sail,v. 航⾏; 驾驶(帆船)
Chapter-14 交通旅⾏,raft,"n. ⽊排, ⽊筏"
Chapter-14 交通旅⾏,canoe,n. 独⽊⾈
Chapter-14 交通旅⾏,oar,"n. 桨, 划⼿"
Chapter-14 交通旅⾏,deck,n. 甲板 v. 装饰
Chapter-14 交通旅⾏,turbine,n. 涡轮机
Chapter-14 交通旅⾏,propeller,n. 螺旋浆
Chapter-14 交通旅⾏,stern,n. 船尾
Chapter-14 交通旅⾏,aboard,adv. 在(船、⻜机等)上
Chapter-14 交通旅⾏,embark,v. 上船
Chapter-14 交通旅⾏,channel,n. 航道; 海峡; 电视频道
Chapter-14 交通旅⾏,canal,n. 运河; (⼈体⼈输送⻝物、空⽓等的)管
Chapter-14 交通旅⾏,ditch,"n. 沟, 渠"
Chapter-14 交通旅⾏,railroad,"n. 铁路, 铁路公司"
Chapter-14 交通旅⾏,railway,n. 铁路; 铁道部⻔
Chapter-14 交通旅⾏,locomotive,n. ⽕⻋头; 机⻋
Chapter-14 交通旅⾏,subway,"n. 地铁, 地下通道"
Chapter-14 交通旅⾏,underground,n. 地铁 adj. 地下的; 秘密的
Chapter-14 交通旅⾏,tunnel,"n. 隧道, 地道"
Chapter-14 交通旅⾏,rail,n. 铁路路轨; 栏杆
Chapter-14 交通旅⾏,depart,"v. 离开, 启程"
Chapter-14 交通旅⾏,arrive,v. 到达; 取得成功
Chapter-14 交通旅⾏,destination,"n. ⽬的地, 终点"
Chapter-14 交通旅⾏,delay,n. 延迟; 推迟; 耽误 v. 耽搁; 延期
Chapter-14 交通旅⾏,postpone,"v. 推迟, 延期"
Chapter-14 交通旅⾏,defer,"v. 推迟, 拖延"
Chapter-14 交通旅⾏,lull,"n. 暂停, 暂时平静期"
Chapter-14 交通旅⾏,expire,v. 失效; 到期; 逝世; 期满
Chapter-14 交通旅⾏,due,"adj. 到期的, 预期的"
Chapter-14 交通旅⾏,postage,"n. 邮费, 邮资"
Chapter-14 交通旅⾏,stamp,n. 邮票; 印章 v. 在…上贴邮票; 盖(章)
Chapter-14 交通旅⾏,envelope,n. 信封; 封⽪; 包裹物
Chapter-14 交通旅⾏,mail,"n. 邮件, 邮包; 邮政 v. 邮寄"
Chapter-15 国家政府,packet,n. ⼩件包裹; 包装盒
Chapter-15 国家政府,package,n. 包裹; 盒; 包; 包装
Chapter-15 国家政府,bind,"v. 捆, 绑"
Chapter-15 国家政府,parcel,"v. 打包, 包 n. ⼟地的(⼀块); 包裹"
Chapter-15 国家政府,load,"v. 装载, 装满 n. 负荷; ⼤量"
Chapter-15 国家政府,burden,"n. 负担, 重担 v. 担负"
Chapter-15 国家政府,transfer,"v. 迁移, 转移; 调动"
Chapter-15 国家政府,transmit,"v. 传送; 传播, 传染; 传输"
Chapter-15 国家政府,transit,v. 通过; 运送 n. 运输; 通⾏; 过境; 中转
Chapter-15 国家政府,deliver,"v. 传送, 递送"
Chapter-15 国家政府,convey,"v. 运送, 输送; 表达, 传递"
Chapter-15 国家政府,speed,n. 速度; 迅速
Chapter-15 国家政府,velocity,n. 速率; 速度
Chapter-15 国家政府,swift,adj. 迅速的; 敏捷的
Chapter-15 国家政府,republic,n. 共和国; 共和政体
Chapter-15 国家政府,Marxism,n. ⻢克思主义
Chapter-15 国家政府,socialism,n. 社会主义
Chapter-15 国家政府,communism,n. 共产主义
Chapter-15 国家政府,regime,"n. 统治制度, 政体, 政权"
Chapter-15 国家政府,government,n. 政府; 政体; 统治
Chapter-15 国家政府,authority,n. 权⼒; 权威⼈⼠; ⾏政管理机构
Chapter-15 国家政府,political,adj. 政治的; 政党的
Chapter-15 国家政府,hierarchy,n. 等级制度; 统治集团
Chapter-15 国家政府,democracy,"n. ⺠主, ⺠主制度; ⺠主国家"
Chapter-15 国家政府,bureaucracy,n. 官僚制度; 官僚作⻛
Chapter-15 国家政府,egalitarian,adj. 平等主义的 n. 平等主义者
Chapter-15 国家政府,materialism,n. 唯物主义; 唯物论
Chapter-15 国家政府,revolution,n. ⾰命; 巨⼤变化
Chapter-15 国家政府,reform,"n. 改⾰, 改良 v. 改⾰, 改良, 改过⾃新"
Chapter-15 国家政府,process,"n. 过程, 进程 v. 处理; 加⼯; 列队前进"
Chapter-15 国家政府,conservative,adj. 保守的 n. 保守党员
Chapter-15 国家政府,meltdown,n. 崩溃; 彻底垮台
Chapter-15 国家政府,municipal,"adj. 市政的, 地⽅政府的"
Chapter-15 国家政府,neutral,adj. 中⽴的; 中⽴国的
Chapter-15 国家政府,bilateral,adj. 双边的
Chapter-15 国家政府,arena,"n. 竞技场, 运动场; 舞台, 活动领域"
Chapter-15 国家政府,flag,n. 旗; 旗帜
Chapter-15 国家政府,banner,"n. 横幅, 标语"
Chapter-15 国家政府,president,n. 总统; 校⻓; 董事⻓
Chapter-15 国家政府,premier,"n. 总理, ⾸相 adj. ⾸要的, 第⼀的"
Chapter-15 国家政府,minister,"n. 部⻓, ⼤⾂; 公使"
Chapter-15 国家政府,secretary,n. 秘书; 书记员; ⼤⾂
Chapter-15 国家政府,parliament,"n. 议会, 国会; [P~]英国议会"
Chapter-15 国家政府,senate,n. 参议院; 上院; ⼤学理事会
Chapter-15 国家政府,conference,n. 会议; 正式商谈
Chapter-15 国家政府,meeting,n. 会议; 会⾯
Chapter-15 国家政府,headquarters,"n. 总部, 总公司; 司令部"
Chapter-15 国家政府,delegation,n. 代表团; 委派
Chapter-15 国家政府,behalf,n. 代表
Chapter-15 国家政府,police,n. 警察; 警⽅
Chapter-15 国家政府,statesman,n. 政治家
Chapter-15 国家政府,mayor,n. 市⻓
Chapter-15 国家政府,service,n. 服务; 公共服务事业; 公共事业机构
Chapter-15 国家政府,office,"n. 办公室; 要职, 官职; [O~]部, 局, 厅"
Chapter-15 国家政府,bureau,"n. 局, 处, 科; 办事处"
Chapter-15 国家政府,department,"n. (政府)部⻔; (⼤学)系, 所"
Chapter-15 国家政府,harness,"v. 控制, 利⽤"
Chapter-15 国家政府,administration,"n. 管理, ⾏政"
Chapter-15 国家政府,dominate,"v. ⽀配, 控制; 占优势"
Chapter-15 国家政府,power,n. 能⼒; 权⼒; 政权; 能源
Chapter-15 国家政府,influence,"n. 影响, 作⽤ v. 影响"
Chapter-15 国家政府,affect,v. 影响; 打动
Chapter-15 国家政府,importance,"n. 重要, 重要性"
Chapter-15 国家政府,significance,n. 重要性; 含义
Chapter-15 国家政府,organisation,"n. 组织, 团体, 机构"
Chapter-15 国家政府,association,"n. 协会, 团体; 关联"
Chapter-15 国家政府,union,n. 联合; 联盟; ⼯会
Chapter-15 国家政府,community,n. 社区; 群体; 群落
Chapter-15 国家政府,consortium,n. 财团; 联营企业
Chapter-15 国家政府,league,n. 联赛; 联盟; 同盟
Chapter-15 国家政府,institution,n. 社会福利机构; 机构
Chapter-15 国家政府,unite,"v. 联合, 团结"
Chapter-15 国家政府,unique,"adj. 独⼀⽆⼆的, 唯⼀的; 独特的"
Chapter-15 国家政府,nation,n. 国家; ⺠族; 国⺠
Chapter-15 国家政府,global,"adj. 全球的, 全世界的"
Chapter-15 国家政府,worldwide,"adj. 世界范围的, 遍及全球的"
Chapter-15 国家政府,federal,adj. 联邦政府的; 联邦的
Chapter-15 国家政府,foreign,adj. 外国的; 外来的; 外交的
Chapter-15 国家政府,overseas,adj. 外国的; 海外的
Chapter-15 国家政府,abroad,"adv. 到国外, 在国外; ⼴为流传"
Chapter-15 国家政府,civil,"adj. 公⺠的, 国内的; ⺠⽤的; 斯⽂的"
Chapter-15 国家政府,emigrate,v. 移居国外; 移⺠
Chapter-15 国家政府,immigrate,"v. (多外地)移居, 移⼊"
Chapter-15 国家政府,reign,v. 统治 n. 君主统治时期
Chapter-15 国家政府,puppet,n. 玩偶; 傀儡; ⽊偶
Chapter-15 国家政府,throne,n. 王位; (君主的)宝座
Chapter-15 国家政府,crown,n. 王冠 v. 为…加冕
Chapter-15 国家政府,wreath,"n. 花环, 花冠; 花圈"
Chapter-15 国家政府,colony,n. 殖⺠地
Chapter-15 国家政府,liberty,n. ⾃由
Chapter-15 国家政府,independence,n. 独⽴; ⾃主
Chapter-15 国家政府,slum,"n. 贫⺠窟, 贫⺠区"
Chapter-15 国家政府,refuge,"n. 避难, 庇护; 避难所"
Chapter-15 国家政府,asylum,n. 庇护; 精神病院
Chapter-15 国家政府,population,"n. ⼈⼝, ⼈⼝数量"
Chapter-15 国家政府,demographic,"adj. ⼈⼝(学)的, ⼈⼝统计(学)的"
Chapter-15 国家政府,citizen,n. 公⺠; 市⺠
Chapter-15 国家政府,resident,n. 居⺠ adj. 居住的
Chapter-15 国家政府,ethnic,adj. ⺠族的; 种族的
Chapter-15 国家政府,racial,adj. 种族的; ⼈种的
Chapter-15 国家政府,clan,"n. 家族, 宗族; 帮派"
Chapter-15 国家政府,franchise,n. 选举权; 参政权; v. 出售…的经营权
Chapter-15 国家政府,entitle,v. 给…题名; 给…权利(或资格)
Chapter-15 国家政府,preference,n. 偏爱; 优先权
Chapter-15 国家政府,elect,v. 选举; 选择
Chapter-15 国家政府,respondent,n. (⺠意测验等的)调查对象; 回答者
Chapter-15 国家政府,poll,n. ⺠意调查; 选举投票; 投票数
Chapter-15 国家政府,ambition,"n. 雄⼼, 抱负; 理想; 追求"
Chapter-15 国家政府,nominate,v. 提名; 任命
Chapter-15 国家政府,checklist,n. 清单; 先⺠花名册
Chapter-15 国家政府,succession,"n. 继承⼈, 继承权"
Chapter-15 国家政府,safety,n. 安全; 安全场所
Chapter-15 国家政府,welfare,"n. 幸福, 健康"
Chapter-15 国家政府,well-being,n. 健康; 安乐
Chapter-15 国家政府,harmony,"n. 协调, 和谐; 融洽; 和声"
Chapter-15 国家政府,steady,"adj. 平稳的, 不摇晃的; 稳步的; 稳定的"
Chapter-15 国家政府,flourish,"v. 繁荣, 兴旺; 茁壮成⻓"
Chapter-15 国家政府,succeed,v. 成功
Chapter-15 国家政府,prospect,"n. 希望, 可能性; ⻛景"
Chapter-15 国家政府,perspective,n. 景观; 观点 adj. 透视的
Chapter-15 国家政府,viewpoint,"n. 观点, 看法; 视⻆"
Chapter-15 国家政府,standpoint,"n. ⽴场, 观点"
Chapter-15 国家政府,outlook,"n. 观点; 展望, 前景"
Chapter-15 国家政府,guideline,n. 指导⽅针; 指导原则
Chapter-15 国家政府,ethic,n. 道德规范; 伦理标准; ⾏为准则
Chapter-15 国家政府,suggest,v. 建议; 推荐; 暗示
Chapter-15 国家政府,advise,v. 劝告; 建议; 通知
Chapter-15 国家政府,proposal,"n. 提议, 建议"
Chapter-15 国家政府,hint,"v. n. 暗示, 提示"
Chapter-15 国家政府,declare,"v. 宣布, 宣告; 宣称, 声称"
Chapter-15 国家政府,affirm,"v. 断⾔, 坚持声称; 证实"
Chapter-15 国家政府,claim,n. 声称; 主张; 索赔 v. 声称; 要求(拥有)
Chapter-15 国家政府,proclaim,v. 声明; 清楚地表明
Chapter-15 国家政府,state,"v. 陈述, 说明 n. 国家; 州; 状况"
Chapter-15 国家政府,announce,v. 宣布; 通知
Chapter-15 国家政府,clarify,"v. 澄清, 阐明"
Chapter-15 国家政府,assist,"v. 帮助, 协助"
Chapter-15 国家政府,aid,n. 救援物质; 辅助物; 救助
Chapter-15 国家政府,encourage,"v. ⿎励, 激励; 怂恿"
Chapter-15 国家政府,implement,"v. 实施, 执⾏ n. ⼯具, 器具"
Chapter-15 国家政府,monitor,v. 监视; 监听 n. 监控器; 监视器; 班⻓
Chapter-16 社会经济,admit,"v. 供认, 承认"
Chapter-16 社会经济,African,n. ⾮洲⼈ adj. ⾮洲的
Chapter-16 社会经济,European,"n. 欧洲⼈ adj. 欧洲的, 欧洲⼈的; 欧盟的"
Chapter-16 社会经济,Latin,n. 拉丁语; 拉丁⼈ adj. 拉丁语的; 拉丁⼈的
Chapter-16 社会经济,Jewish,adj. 犹太教的; 犹太⼈的
Chapter-16 社会经济,Arabian,"n. 阿拉伯⼈, 阿拉伯半岛居⺠ adj. 阿拉伯的, 阿拉伯⼈的"
Chapter-16 社会经济,Portuguese,n. 葡萄⽛⼈; 葡萄⽛语 adj. 葡萄⽛的; 葡萄⽛⼈的; 葡萄⽛语的
Chapter-16 社会经济,Roman,n. 古罗⻢⼈; (现代)罗⻢市⺠ adj. 罗⻢的; 古罗⻢帝国的
Chapter-16 社会经济,Russian,"n. 俄国⼈, 俄罗斯⼈; 俄语 adj. 俄国的, 俄罗斯的; 俄语的"
Chapter-16 社会经济,Spanish,n. ⻄班⽛⼈; ⻄班⽛语 adj. ⻄班⽛的
Chapter-16 社会经济,Swiss,n. 瑞⼠⼈ n. 瑞⼠⼈的
Chapter-16 社会经济,Greek,n. 希腊⼈; 古希腊⼈; 希腊语; 古希腊语 adj. 希腊的
Chapter-16 社会经济,Italian,n. 意⼤利⼈; 意⼤利语 adj. 意⼤利的
Chapter-16 社会经济,soviet,n. 苏维埃; 苏联 adj. 苏联的
Chapter-16 社会经济,Indian,n. 印度⼈ adj. 印度的
Chapter-16 社会经济,Australia,n. 澳⼤利亚
Chapter-16 社会经济,New Zealand,n. 新⻄兰
Chapter-16 社会经济,Canada,n. 加拿⼤
Chapter-16 社会经济,Britain,"n. 英国, 不列颠"
Chapter-16 社会经济,France,n. 法国
Chapter-16 社会经济,Germany,n. 德国
Chapter-16 社会经济,economy,n. 经济; 节约
Chapter-16 社会经济,trade,n. 贸易 v. 交换
Chapter-16 社会经济,market,n. 市场; 市场需求
Chapter-16 社会经济,industry,n. ⼯业; 产业; 勤劳
Chapter-16 社会经济,merchant,n. 商⼈ adj. 商业的
Chapter-16 社会经济,financial,"adj. 财政的, ⾦融的"
Chapter-16 社会经济,fund,v. 资助 n. 基⾦; 资⾦; 基⾦会
Chapter-16 社会经济,donate,"v. 捐赠, 捐献"
Chapter-16 社会经济,endow,v. 捐赠; 赋予
Chapter-16 社会经济,commercial,n. 商业⼴告 adj. 商业的
Chapter-16 社会经济,advertise,v. 做⼴告; 宣传
Chapter-16 社会经济,slogan,"n. 标语, ⼝号"
Chapter-16 社会经济,purchase,n. v. 购买
Chapter-16 社会经济,lease,n. 租约 v. 出租; 租⽤
Chapter-16 社会经济,afford,"v. 负担得起; 提供, 给予"
Chapter-16 社会经济,retail,n. 零售 v. 零售; 以…价格零售
Chapter-16 社会经济,chain,n. 连锁店; ⼀连串; 链条
Chapter-16 社会经济,grocery,n. ⻝品杂货店
Chapter-16 社会经济,discount,n. 折扣 v. 打折出售
Chapter-16 社会经济,promotion,n. 促销活动; 晋升
Chapter-16 社会经济,voucher,n. 代⾦券
Chapter-16 社会经济,coupon,n. 优惠券
Chapter-16 社会经济,currency,"n. 货币; 通⽤, 流⾏"
Chapter-16 社会经济,exchange,v. 交换; 兑换
Chapter-16 社会经济,swap,v. n. 交换
Chapter-16 社会经济,receipt,n. 收据; 收到
Chapter-16 社会经济,invoice,n. 发票 v. 开发票给
Chapter-16 社会经济,tax,n. 税 v. 对…征税
Chapter-16 社会经济,levy,v. 征税; 征收 n. 税款
Chapter-16 社会经济,tariff,n. 关税; 关税表
Chapter-16 社会经济,duty,n. 责任; 义务; 关税
Chapter-16 社会经济,impose,v. 强加; 征收(款项)
Chapter-16 社会经济,consume,v. 消耗; 吃; 喝
Chapter-16 社会经济,spend,n. 开⽀ v. 花费
Chapter-16 社会经济,cost,v. 需付费 n. 费⽤; 成本; 代价
Chapter-16 社会经济,expense,"n. 费⽤, 花费"
Chapter-16 社会经济,revenue,n. 税收; 收⼊; 财政收⼊
Chapter-16 社会经济,gross,adj. 总的; ⽑的
Chapter-16 社会经济,recession,n. 经济衰退
Chapter-16 社会经济,depression,"n. 沮丧, 消沉; 萧条期, 不景⽓"
Chapter-16 社会经济,crisis,n. 危机
Chapter-16 社会经济,security,n. 安全⼯作; 安全; 证券
Chapter-16 社会经济,bond,n. 债券
Chapter-16 社会经济,debt,n. 债务
Chapter-16 社会经济,deficit,"n. ⾚字, 逆差"
Chapter-16 社会经济,inflation,n. 通货膨胀
Chapter-16 社会经济,deflation,n. 通货紧缩
Chapter-16 社会经济,dwindle,"v. 缩⼩, 减少"
Chapter-16 社会经济,decrease,"v. 减少, 减⼩"
Chapter-16 社会经济,downsize,v. 裁员; 使精简
Chapter-16 社会经济,decline,v. n. 下降
Chapter-16 社会经济,diminish,v. 减少; 贬低
Chapter-16 社会经济,reduce,"v. 减少, 减⼩"
Chapter-16 社会经济,increase,v. n. 增⻓; 增加
Chapter-16 社会经济,increment,n. 增加量; 定期的加薪
Chapter-16 社会经济,growth,n. 增⻓; ⽣⻓
Chapter-16 社会经济,escalate,v. 逐步升级; 不断恶化
Chapter-16 社会经济,expand,"v. 扩充, 扩⼤; 扩展"
Chapter-16 社会经济,influx,"n. 流⼊, 涌进"
Chapter-16 社会经济,affluent,adj. 富裕的; 富⾜的
Chapter-16 社会经济,enrich,v. 使富有; 充实
Chapter-16 社会经济,sufficient,adj. ⾜够的
Chapter-16 社会经济,adequate,adj. ⾜够的; 合格的
Chapter-16 社会经济,spare,"adj. 多余的, 空闲的 v. 剩余"
Chapter-16 社会经济,saving,n. 节省; 存款
Chapter-16 社会经济,redundant,adj. 多余的; 被裁剪的
Chapter-16 社会经济,lack,"n. 缺乏, 不⾜ v. 缺少, 没有"
Chapter-16 社会经济,company,n. 公司
Chapter-16 社会经济,firm,n. 公司 v. 坚定的; 坚固的
Chapter-16 社会经济,enterprise,"n. 企业, 公司; 创业; 创业精神"
Chapter-16 社会经济,agent,"n. 代理⼈, 代理商"
Chapter-16 社会经济,entity,n. 实体
Chapter-16 社会经济,invest,v. 投资; 投⼊
Chapter-16 社会经济,input,n. 输⼊; 投⼊
Chapter-16 社会经济,product,n. 产品; 产物
Chapter-16 社会经济,acquisition,n. 获得; 并购
Chapter-16 社会经济,goods,"n. 商品, 货物"
Chapter-16 社会经济,cargo,n. 货物
Chapter-16 社会经济,insure,v. 确保; 给…上保险
Chapter-16 社会经济,guarantee,"v. 担保; 确保 n. 保证; 保修单; 担保⾦, 担保物"
Chapter-16 社会经济,reliable,adj. 可信赖的; 可靠的
Chapter-16 社会经济,negotiation,"n. 谈判, 协商"
Chapter-16 社会经济,attend,"v. 出席, 参加"
Chapter-16 社会经济,absent,"adj. 缺席的, 不在场的, ⼼不在焉的"
Chapter-16 社会经济,sale,"n. 卖, 销售; 销售额"
Chapter-16 社会经济,wholesale,n. 批发
Chapter-16 社会经济,auction,v. n. 拍卖
Chapter-16 社会经济,bid,v. n. 出价; 投标
Chapter-16 社会经济,deal,v. 买卖; 处理; 应付 n. 协议; 交易; ⼤量
Chapter-16 社会经济,transaction,"n. 交易, 业务"
Chapter-16 社会经济,turnover,n. 营业额; 流动率
Chapter-16 社会经济,dump,"v. 丢弃, 倾倒; 倾销"
Chapter-16 社会经济,export,v. 出⼝ n. 出⼝; 出⼝商品
Chapter-16 社会经济,import,v. 进⼝ n. 进⼝; 进⼝商品
Chapter-16 社会经济,quota,"n. 限额, 配额, 定额"
Chapter-16 社会经济,share,"n. 股份, 股票; ⼀份 v. 分享; 共享; 分担"
Chapter-16 社会经济,benefit,n. 好处; 益处 v. 有利于; 获益
Chapter-16 社会经济,interest,n. 兴趣; 利益; 利息 v. 使感兴趣
Chapter-16 社会经济,dividend,"n. 股息, 红利"
Chapter-16 社会经济,stock,n. 股本; 股票; 库存
Chapter-16 社会经济,account,n. 账户; 解释
Chapter-16 社会经济,deposit,n. 存款; 押⾦
Chapter-16 社会经济,installment,n. (分期付款的)⼀期付款
Chapter-16 社会经济,cheque,n. ⽀票
Chapter-16 社会经济,cash,n. 现⾦ v. 兑现(⽀票)
Chapter-16 社会经济,coin,n. 硬币
Chapter-16 社会经济,shilling,n. 先令
Chapter-16 社会经济,copper,n. 铜; 铜牌
Chapter-16 社会经济,treasure,"n. ⾦银财宝; 宝物, 珍品"
Chapter-16 社会经济,wealth,n. 财富; 丰富
Chapter-16 社会经济,estate,n. 地产; 遗产
Chapter-16 社会经济,possess,"v. 拥有, 占有; 影响, 控制"
Chapter-16 社会经济,legacy,"n. 遗赠, 遗产"
Chapter-16 社会经济,descend,"v. 下降, 下来"
Chapter-16 社会经济,worthy,adj. 有价值的; 值得…的
Chapter-16 社会经济,valuable,"adj. 很值钱的, 贵重的; 很重要的"
Chapter-16 社会经济,cheap,"adj. 便宜的, 廉价的"
Chapter-16 社会经济,incentive,"n. 刺激, 激励"
Chapter-16 社会经济,accelerate,v. 加速
Chapter-16 社会经济,prompt,adj. 迅速的 v. 促使
Chapter-16 社会经济,salary,n. ⼯资; 薪⽔
Chapter-16 社会经济,income,n. 收⼊
Chapter-16 社会经济,wage,n. ⼯钱; ⼯资
Chapter-16 社会经济,payment,n. ⽀付; ⽀付的款项; 付款额
Chapter-16 社会经济,refund,n. v. 退款
Chapter-16 社会经济,reimburse,"v. 赔偿, 补偿"
Chapter-16 社会经济,payroll,n. ⼯资名单
Chapter-16 社会经济,remuneration,n. 报酬
Chapter-16 社会经济,subsidy,n. 补贴; 津贴
Chapter-16 社会经济,earn,v. 赚得; 赢得; 获得
Chapter-16 社会经济,undertaking,"n. 任务, 事业; 许诺, 保证"
Chapter-16 社会经济,career,"n. 职业, 事业; 职业⽣涯"
Chapter-16 社会经济,profession,n. 职业; 业内⼈⼠
Chapter-16 社会经济,occupation,"n. 占领, 占据; 职业"
Chapter-16 社会经济,job,"n. 职业, ⼯作"
Chapter-16 社会经济,vocation,n. 职业; 使命感
Chapter-16 社会经济,labour,"n. 劳动, 体⼒劳动"
Chapter-16 社会经济,workforce,n. 劳动⼒; 全体员⼯
Chapter-16 社会经济,workaholic,n. ⼯作狂
Chapter-16 社会经济,personnel,n. ⼈员; 职员; ⼈事部⻔
Chapter-16 社会经济,clerk,n. 店员; 办事员; 接待员
Chapter-16 社会经济,interview,n. ⾯试; 采访 v. 对…进⾏⾯试; 采访
Chapter-16 社会经济,resume,n. 简历; 履历; 摘要
Chapter-16 社会经济,recommend,"v. 推荐, 介绍; 劝告, 建议"
Chapter-16 社会经济,employ,v. 雇⽤; 采⽤; 利⽤
Chapter-16 社会经济,hire,v. 雇⽤; 租⽤ n. 租赁
Chapter-16 社会经济,fire,v. 解雇 n. ⽕
Chapter-16 社会经济,lay-off,"n. 解雇, 裁员; 歇⼯期"
Chapter-16 社会经济,dismiss,v. 解雇; 解散
Chapter-16 社会经济,discharge,v. 解雇 n. 卸货
Chapter-16 社会经济,resign,"v. 辞去, 辞职"
Chapter-16 社会经济,sack,"v. 开除 n. ⼤⼝袋, 麻布袋"
Chapter-16 社会经济,retire,v. 退休
Chapter-16 社会经济,failure,n. 失败
Chapter-16 社会经济,abortion,n. ⼈⼯流产; 中途失败
Chapter-16 社会经济,loss,n. 遗失; 损失; 亏损
Chapter-17 法律法规,opportunity,"n. 机会, 时机"
Chapter-17 法律法规,chance,n. 机会; 可能性
Chapter-17 法律法规,choose,v. 选择
Chapter-17 法律法规,change,n. 改变
Chapter-17 法律法规,solve,v. 解答; 解决
Chapter-17 法律法规,develop,v. 发展; 开发
Chapter-17 法律法规,sustainable,adj. 可持续的
Chapter-17 法律法规,improve,"v. 改善, 改进, 提⾼"
Chapter-17 法律法规,manage,v. 管理; 设法做到
Chapter-17 法律法规,regulate,v. 控制; 调节; 管理
Chapter-17 法律法规,sanction,n. 批准; 制裁 v. 批准; 对…实施制裁
Chapter-17 法律法规,coordinate,"v. 调和, 协调 n. 坐标"
Chapter-17 法律法规,cooperate,v. 协作; 配合 n. 坐标
Chapter-17 法律法规,collaborate,v. 合作
Chapter-17 法律法规,law,n. 法律; 规律; 定理
Chapter-17 法律法规,legal,adj. 法律的; 合法的
Chapter-17 法律法规,rule,n. 规则 v. 统治
Chapter-17 法律法规,regulation,"n. 规则, 规定; 管理"
Chapter-17 法律法规,item,n. ⼀项项⽬; 条⽬
Chapter-17 法律法规,treaty,n. 条约; 协议
Chapter-17 法律法规,agreement,n. 协定; 同意
Chapter-17 法律法规,charter,"n. 宪章 v. 租, 包(船、⻋、⻜机等)"
Chapter-17 法律法规,protocol,"n. 议定书, 协议; 礼仪"
Chapter-17 法律法规,norm,n. 标准; 规范
Chapter-17 法律法规,benchmark,"n. 基准, ⽔准点"
Chapter-17 法律法规,criteria,"n. 标准, 准则"
Chapter-17 法律法规,standard,n. 标准
Chapter-17 法律法规,permit,"v. 允许, 准许"
Chapter-17 法律法规,allow,"v. 允许, 准许"
Chapter-17 法律法规,admission,n. 承认; ⼊场费; 准许进⼊
Chapter-17 法律法规,perform,"v. 履⾏, 执⾏"
Chapter-17 法律法规,enforce,v. 强⾏执⾏; 强迫
Chapter-17 法律法规,default,"v. 不⽀付, 不履⾏ n. 默认值; 违约"
Chapter-17 法律法规,reject,v. 拒绝接受; 摒弃
Chapter-17 法律法规,constraint,n. 限制; 约束; 克制
Chapter-17 法律法规,official,adj. 官⽅的; 正式的
Chapter-17 法律法规,mandatory,"adj. 强制的, 法定的"
Chapter-17 法律法规,potent,adj. 有效的; 强有⼒的
Chapter-17 法律法规,bound,"adj. ⼀定会, 很可能会, 有义务"
Chapter-17 法律法规,obligation,"n. 义务, 责任"
Chapter-17 法律法规,court,n. 法院; 庭院
Chapter-17 法律法规,supreme,adj. 最⾼的; 最⼤的
Chapter-17 法律法规,enact,n. 通过; 表演
Chapter-17 法律法规,legislate,"v. ⽴法, 制定法律"
Chapter-17 法律法规,equity,n. 公平
Chapter-17 法律法规,fair,"adj. 公平的, 公正的"
Chapter-17 法律法规,just,adj. 公平的; 正义的 adv. 刚刚; 仅仅
Chapter-17 法律法规,prejudice,"n. 偏⻅, 成⻅"
Chapter-17 法律法规,discrimination,n. 歧视; 区别对待; 区别
Chapter-17 法律法规,accuse,"v. 控告, 指责"
Chapter-17 法律法规,sue,"v. 控告, 提起诉讼; 提出请求"
Chapter-17 法律法规,prosecute,"v. 检举, 起诉, 控告"
Chapter-17 法律法规,condemn,v. 谴责; 指责
Chapter-17 法律法规,complain,v. 抱怨; 投诉
Chapter-17 法律法规,boycott,v. 抵制; 拒绝购买
Chapter-17 法律法规,session,n. 会议; 会期; ⼀段时间
Chapter-17 法律法规,mediate,v. 调解
Chapter-17 法律法规,plea,"n. 辩解理由, 借⼝; 请求"
Chapter-17 法律法规,appeal,v. n. 呼吁; 申诉
Chapter-17 法律法规,persuade,v. 说服; 使相信
Chapter-17 法律法规,controversy,n. 争论; 辩论
Chapter-17 法律法规,whisper,v. 低声说; 私下谈论
Chapter-17 法律法规,mutter,v. 轻声低语; ⼩声抱怨
Chapter-17 法律法规,murmur,"v. 低声说 n. 咕啾, 低语"
Chapter-17 法律法规,silent,adj. 沉默的; 寂静⽆声的
Chapter-17 法律法规,mute,adj. 哑的; ⽆声的; 缄默的 n. 哑巴
Chapter-17 法律法规,investigate,v. 调查
Chapter-17 法律法规,witness,"n. ⽬击者, ⻅证⼈ v. ⽬击"
Chapter-17 法律法规,justify,v. 主…辩护; 证明…正当
Chapter-17 法律法规,reasonable,adj. 合理的; 理智的
Chapter-17 法律法规,suitable,"adj. 合适的, 适宜的"
Chapter-17 法律法规,judge,n. 法官; 裁判员
Chapter-17 法律法规,fury,n. 陪审团; 评判委员会
Chapter-17 法律法规,trial,n. 试验; 审判
Chapter-17 法律法规,suspect,n. 嫌疑犯 v. 怀疑
Chapter-17 法律法规,sentence,n. 判决; 句⼦ v. 宣判
Chapter-17 法律法规,arrest,v. 逮捕; 吸引 n. 逮捕
Chapter-17 法律法规,jail,n. 监狱 v. 监禁
Chapter-17 法律法规,prison,n. 监狱; 监禁
Chapter-17 法律法规,confine,"n. 边界, 范围 v. 限制; 监禁"
Chapter-17 法律法规,oversee,"v. 监督, 监管"
Chapter-17 法律法规,supervise,"v. 监督, 管理, 指导"
Chapter-17 法律法规,restrict,"v. 限制, 限定; 约束"
Chapter-17 法律法规,restrain,v. 抑制; 制⽌
Chapter-17 法律法规,commit,"v. 犯罪, 做坏事"
Chapter-17 法律法规,sin,n. 罪孽 v. 犯戒律
Chapter-17 法律法规,crime,n. 罪⾏; 犯罪活动
Chapter-17 法律法规,vice,n. 恶⾏; 缺点
Chapter-17 法律法规,bribe,n. 贿赂 v. 向…⾏贿
Chapter-17 法律法规,rob,v. 抢劫; 夺⾛
Chapter-17 法律法规,pirate,"n. 海盗; 盗版者 v. 盗⽤, 窃⽤"
Chapter-17 法律法规,steal,"n. 偷, 窃取; 剽窃"
Chapter-17 法律法规,thief,"n. ⼩偷, 偷窃犯"
Chapter-17 法律法规,murder,n. v. 谋杀
Chapter-17 法律法规,suicide,n. ⾃杀; ⾃杀者; ⾃杀⾏为
Chapter-17 法律法规,deceive,v. 欺骗; 蒙蔽; 误导
Chapter-17 法律法规,cheat,v. 欺骗; 作弊 n. 作弊者
Chapter-17 法律法规,fraud,n. 骗⼦; 赝品; 欺诈
Chapter-17 法律法规,liar,n. 说谎者
Chapter-17 法律法规,trap,n. 陷阱; 诡计 v. 诈骗
Chapter-17 法律法规,trick,n. 诡计 v. 哄骗
Chapter-17 法律法规,pretend,v. 假装; 假扮
Chapter-17 法律法规,fool,"n. 蠢⼈, 傻⼦ v. 欺骗"
Chapter-17 法律法规,stigma,"n. 耻辱, 污名"
Chapter-17 法律法规,confess,v. 供认; 忏悔
Chapter-18 沙场争锋,conform,v. 遵守; 顺从; 相符合
Chapter-18 沙场争锋,reconcile,v. 使和解; 调和
Chapter-18 沙场争锋,obey,"v. 服从, 顺从"
Chapter-18 沙场争锋,succumb,"v. 屈服, 屈从"
Chapter-18 沙场争锋,penalty,"n. 惩罚, 处罚"
Chapter-18 沙场争锋,fine,n. 罚款 adj. 美好的
Chapter-18 沙场争锋,mortgage,v. 抵押借款 n. 房屋抵压贷款
Chapter-18 沙场争锋,ownership,"n. 所有权, 物主身份"
Chapter-18 沙场争锋,copyright,n. 版权
Chapter-18 沙场争锋,privilege,n. 特权
Chapter-18 沙场争锋,accredit,v. 委任; 把…归于
Chapter-18 沙场争锋,clue,n. 线索; 提示
Chapter-18 沙场争锋,access,"n. 通路, ⼊径; 查阅的机会"
Chapter-18 沙场争锋,anonymous,adj. 匿名的
Chapter-18 沙场争锋,false,adj. 不正确的; 虚假的; 伪造的
Chapter-18 沙场争锋,genuine,adj. 真诚的; 真正的
Chapter-18 沙场争锋,procedure,n. 程序; ⼿续
Chapter-18 沙场争锋,routine,n. 例⾏公事; 常规 adj. 惯例的
Chapter-18 沙场争锋,consequence,n. 后果; 结果; 重要性
Chapter-18 沙场争锋,demand,v. 要求; 需求 n. 要求; 需求; 需求量
Chapter-18 沙场争锋,request,"n. 要求, 请求"
Chapter-18 沙场争锋,require,"v. 需要; 命令, 规定"
Chapter-18 沙场争锋,petition,v. 请求 n. 请愿书; 上诉
Chapter-18 沙场争锋,command,"v. 命令; 指挥, 统率 n. 命令; 指挥, 控制; 运⽤能⼒"
Chapter-18 沙场争锋,instruct,"v. 指导, 讲授; 通知; 命令"
Chapter-18 沙场争锋,violence,n. 暴⼒
Chapter-18 沙场争锋,conflict,"n. ⽃争, 冲突 v. 冲突"
Chapter-18 沙场争锋,raid,n. v. 突袭; 突然搜查
Chapter-18 沙场争锋,enormity,n. 巨⼤; 滔天⼤罪
Chapter-18 沙场争锋,campaign,n. 战役; (社会、政治)运动 v. 参加(或领导)运动
Chapter-18 沙场争锋,battle,"n. 战争, 战役 v. 与…战⽃"
Chapter-18 沙场争锋,struggle,v. n. 挣扎; 奋⼒; 奋⽃
Chapter-18 沙场争锋,explosion,n. 爆炸; 迸发; 爆发; 激增
Chapter-18 沙场争锋,bombard,"v. 轰击, 轰炸; 连珠炮般质问(或批评)"
Chapter-18 沙场争锋,bomb,n. 炸弹 v. 轰炸
Chapter-18 沙场争锋,blast,n. v. 爆炸
Chapter-18 沙场争锋,burst,v. 爆裂; 胀开 n. 迸发; 爆裂
Chapter-18 沙场争锋,spark,"n. ⽕花, ⽕星"
Chapter-18 沙场争锋,twinkle,"v. n. 闪烁, 闪耀"
Chapter-18 沙场争锋,gunpowder,n. ⽕药
Chapter-18 沙场争锋,tank,"n. 坦克; 罐, 缸, 槽"
Chapter-18 沙场争锋,cannon,"n. 加农炮, ⼤炮; (⻜机上的)⾃动机关炮"
Chapter-18 沙场争锋,missile,n. 导弹; 投掷物
Chapter-18 沙场争锋,weapon,"n. 武器, 兵器; ⼿段"
Chapter-18 沙场争锋,pistol,n. ⼿枪
Chapter-18 沙场争锋,rifle,n. 步枪
Chapter-18 沙场争锋,bullet,"n. ⼦弹, 枪弹"
Chapter-18 沙场争锋,target,"n. 靶⼦; ⽬标, 对象"
Chapter-18 沙场争锋,deflect,"v. 偏斜, 偏转; 转移"
Chapter-18 沙场争锋,mission,n. 使命; 重要任务
Chapter-18 沙场争锋,flame,n. ⽕焰; 强烈的感情
Chapter-18 沙场争锋,flare,n. ⽕光; 闪光信号灯 v. 闪耀
Chapter-18 沙场争锋,glitter,v. 闪烁; 闪现 n. 发光⼩物
Chapter-18 沙场争锋,glow,v. 发出微弱稳定的光 n. 微弱稳定的光
Chapter-18 沙场争锋,blade,n. ⼑⽚; 叶⽚; 桨叶
Chapter-18 沙场争锋,sword,"n. ⼑, 剑"
Chapter-18 沙场争锋,ax,n. 斧⼦
Chapter-18 沙场争锋,hammer,"n. 锤, 榔头 v. ⽤锤击"
Chapter-18 沙场争锋,bow,n. ⼸; 蝴蝶结
Chapter-18 沙场争锋,spear,n. ⽭; 标枪 v. ⽤尖物刺穿
Chapter-18 沙场争锋,helmet,"n. 头盔, 防护帽"
Chapter-18 沙场争锋,shield,n. 盾; 防护物 v. 保护
Chapter-18 沙场争锋,equip,"v. 装备, 配备"
Chapter-18 沙场争锋,prepare,v. 使预备好; 为…做准备
Chapter-18 沙场争锋,provide,"v. 提供, 供给"
Chapter-18 沙场争锋,deploy,v. 部署
Chapter-18 沙场争锋,hit,"v. 击, 打; 碰撞; 打击 n. 击, 打; 击中"
Chapter-18 沙场争锋,beat,v. 打; 打败; (⼼脏等)跳动 n. 节拍; 击⿎声; (⼼脏等)的跳动
Chapter-18 沙场争锋,strike,"v. 打, 击; 突击; 罢⼯ n. 罢⼯; 打击"
Chapter-18 沙场争锋,punch,n. 打孔机; 重拳击打 v. 给…打孔; 拳打
Chapter-18 沙场争锋,chop,v. 切碎(⻝物); 劈⽊头
Chapter-18 沙场争锋,stab,"v. n. 刺, 戳"
Chapter-18 沙场争锋,dilemma,n. 困境
Chapter-18 沙场争锋,plight,n. 困境; 誓约
Chapter-18 沙场争锋,pitfall,"n. 陷阱; 危险, 困难"
Chapter-18 沙场争锋,conspiracy,"n. 阴谋, 密谋"
Chapter-18 沙场争锋,destitute,"adj. ⾚贫的, ⼀⽆所有的; 缺乏的"
Chapter-18 沙场争锋,famine,n. 饥荒
Chapter-18 沙场争锋,starve,"v. 挨饿, 饿死"
Chapter-18 沙场争锋,deprive,v. 剥夺
Chapter-18 沙场争锋,seize,v. 抓住; 夺取
Chapter-18 沙场争锋,pursue,v. 追赶; 追查; 追求
Chapter-18 沙场争锋,threat,"n. 威胁, 恐吓"
Chapter-18 沙场争锋,offend,v. 冒犯; 犯罪; 违反
Chapter-18 沙场争锋,aggressive,adj. 侵略的; 好⽃的; 积极进取的
Chapter-18 沙场争锋,invade,"v. ⼊侵, 侵略; 侵扰"
Chapter-18 沙场争锋,trespass,v. ⾮法侵⼊ n. 罪过; ⾮法侵⼊
Chapter-18 沙场争锋,intrude,"v. 闯⼊, 侵⼊; 侵扰"
Chapter-18 沙场争锋,violate,v. 违反; 违背; 侵犯; 搅扰
Chapter-18 沙场争锋,attack,"v. n. 攻击, 进攻"
Chapter-18 沙场争锋,assault,n. 猛攻; (身体)侵犯 v. 袭击
Chapter-18 沙场争锋,challenge,n. 挑战 v. 向…挑战
Chapter-18 沙场争锋,siege,"n. 包围, 围攻"
Chapter-18 沙场争锋,surround,v. 包围; 环绕
Chapter-18 沙场争锋,enclose,"v. 围住, 包围; 把…封⼊信封, 随信附上"
Chapter-18 沙场争锋,pause,"n. v. 暂停, 停顿"
Chapter-18 沙场争锋,halt,"v. n. 停⽌, 停住"
Chapter-18 沙场争锋,cease,"v. 终⽌, 停⽌"
Chapter-18 沙场争锋,oppose,"v. 反对, 抵制"
Chapter-18 沙场争锋,oppress,"v. 压迫, 压制; 使压抑"
Chapter-18 沙场争锋,counter,v. 反击; 抵销; 反驳 n. 柜台; ⼯作台
Chapter-18 沙场争锋,deter,"v. 阻⽌, 威慑住"
Chapter-18 沙场争锋,forbid,v. 禁⽌; 阻⽌
Chapter-18 沙场争锋,prohibit,"v. 禁⽌, 不允许"
Chapter-18 沙场争锋,prevent,"v. 预防, 防⽌; 阻⽌, 阻碍"
Chapter-18 沙场争锋,revolt,n. v. 叛乱; 反抗
Chapter-18 沙场争锋,betray,"v. 出卖, 背叛; 泄露, 流露出"
Chapter-18 沙场争锋,treason,"n. 叛国罪, 通敌罪"
Chapter-18 沙场争锋,rebel,"n. 反叛者; 叛逆者 v. 造反; 反抗, 反对"
Chapter-18 沙场争锋,traitor,"n. 叛徒, 卖国贼"
Chapter-18 沙场争锋,patriot,"n. 爱国者, 爱国主义者"
Chapter-18 沙场争锋,blame,"v. 责备, 指责"
Chapter-18 沙场争锋,reproach,"v. n. 责备, 指责"
Chapter-18 沙场争锋,evidence,n. 证据; 根据
Chapter-18 沙场争锋,proof,"n. 证明, 证据"
Chapter-18 沙场争锋,terror,"n. 恐惧, 恐慌"
Chapter-18 沙场争锋,terrible,"adj. 可怕的, 糟糕的; 极严重的"
Chapter-18 沙场争锋,terrific,"adj. 极好的; 很⼤的, 很强的"
Chapter-18 沙场争锋,horrible,"adj. 可怕的, 恐怖的"
Chapter-18 沙场争锋,alarm,"n. 惊恐, 忧虑; 警报; 警报器"
Chapter-18 沙场争锋,dread,"v. 极为害怕, ⾮常担⼼ n. 恐惧, 忧虑"
Chapter-18 沙场争锋,frighten,"v. 使害怕, 使惊恐"
Chapter-18 沙场争锋,tension,n. 紧张; 拉紧状态
Chapter-18 沙场争锋,turbulent,"adj. 动荡的, 混乱的; 汹涌的"
Chapter-18 沙场争锋,turmoil,"n. 混乱, 骚乱"
Chapter-18 沙场争锋,scenario,n. 设想; 可能发⽣的情况; 脚本
Chapter-18 沙场争锋,occasion,"n. 场合; 时机, 机会"
Chapter-18 沙场争锋,limit,"n. 限度; 界限 v. 限制, 限定"
Chapter-18 沙场争锋,boundary,"n. 边界, 分界线"
Chapter-18 沙场争锋,rein,n. 缰绳; 控制权 v. ⽤缰绳勒⻢; 管束
Chapter-18 沙场争锋,compete,v. 竞争; 参加(⽐赛)
Chapter-18 沙场争锋,contest,v. 争取赢利; 争辩 n. 竞争; ⽐赛
Chapter-18 沙场争锋,contend,"v. 竞争; 争辩, 主张"
Chapter-18 沙场争锋,rival,"n. 竞争者, 对⼿ v. 与…匹敌"
Chapter-18 沙场争锋,competitor,n. 竞争者; 选⼿
Chapter-18 沙场争锋,enemy,"n. 敌⼈, 仇敌; 敌兵, 敌军"
Chapter-18 沙场争锋,strategy,n. 策略; 战略
Chapter-18 沙场争锋,tactic,"n. 策略, 战术"
Chapter-18 沙场争锋,manoeuvre,"n. 策略, 巧计; 军事演习"
Chapter-18 沙场争锋,blueprint,n. 蓝图; ⾏动计划
Chapter-18 沙场争锋,warn,v. 警告; 告诫
Chapter-18 沙场争锋,compel,v. 强迫
Chapter-18 沙场争锋,oblige,"v. 迫使, 强迫; 帮忙"
Chapter-18 沙场争锋,order,n. 次序; 整⻬ v. 命令
Chapter-18 沙场争锋,protest,n. 抗议; 申明 v. 抗议; 申辩
Chapter-18 沙场争锋,refute,"v. 反驳, 驳斥; 否认"
Chapter-18 沙场争锋,might,"n. ⼒量, 威⼒"
Chapter-18 沙场争锋,force,"n. ⼒量; 武⼒ v. 强迫, 迫使; ⽤⼒使…武⼒"
Chapter-18 沙场争锋,reinforce,"v. 增援; 增强, 加强; 加固"
Chapter-18 沙场争锋,impair,v. 削弱; 妨碍
Chapter-18 沙场争锋,mitigate,"v. 减轻, 缓和"
Chapter-18 沙场争锋,comfort,"n. 舒适; 安慰 v. 安慰, 抚慰"
Chapter-18 沙场争锋,event,"n. 事件, ⼤事; 公开活动"
Chapter-18 沙场争锋,matter,n. 事情; 物质 v. 要紧
Chapter-18 沙场争锋,happen,"v. 发⽣, 出现"
Chapter-18 沙场争锋,occur,"v. 发⽣, 出 现"
Chapter-18 沙场争锋,savage,"adj. 野蛮的, 凶猛的 v. 凶狠地攻击 n. 野蛮⼈"
Chapter-18 沙场争锋,reckless,"adj. 鲁莽的, 不计后果的"
Chapter-18 沙场争锋,fierce,n. 凶猛的; 猛烈的; 恶劣的
Chapter-18 沙场争锋,foul,adj. 恶臭的; 恶劣的; 邪恶的 v. 弄脏; 对…犯规
Chapter-18 沙场争锋,evil,n. 雅思; 祸害 adj. 邪恶的
Chapter-18 沙场争锋,devil,n. 魔⻤; 恶棍; 撒旦
Chapter-18 沙场争锋,punishment,n. 惩罚; 虐待
Chapter-18 沙场争锋,execute,"v. 实⾏, 执⾏; 处死"
Chapter-18 沙场争锋,hang,n. 悬挂; 悬浮(在空中); (被)绞死
Chapter-18 沙场争锋,sacrifice,n. v. 牺牲
Chapter-18 沙场争锋,casualty,n. 伤亡⼈员
Chapter-18 沙场争锋,bury,v. 埋葬; 埋藏
Chapter-18 沙场争锋,funeral,n. 葬礼
Chapter-18 沙场争锋,grave,"n. 坟墓; 死亡 adj. 庄重的, 严肃的"
Chapter-18 沙场争锋,tomb,"n. 坟墓, 塚"
Chapter-18 沙场争锋,hell,n. 地狱; 苦境
Chapter-18 沙场争锋,maritime,"adj. 海的, 海上的, 海事的"
Chapter-18 沙场争锋,naval,adj. 海军的
Chapter-18 沙场争锋,fleet,"n. 舰队, 船队; 机群, ⻋队"
Chapter-18 沙场争锋,troop,"n. ⼀群, ⼀队; 军队 v. 结队前⾏"
Chapter-18 沙场争锋,landing,n. 着陆; 登陆
Chapter-18 沙场争锋,hover,"v. 盘旋, 悬浮; 徘徊; 处于不确定状态"
Chapter-18 沙场争锋,proceed,v. 接下来做; 继续进⾏; ⾏进
Chapter-18 沙场争锋,progress,n. 前进; 进步; 进程 v. 前进; 进步
Chapter-18 沙场争锋,military,"adj. 军事的, 军⽤的"
Chapter-18 沙场争锋,nuclear,adj. 原⼦核的; 核能的; 核武器的
Chapter-18 沙场争锋,poison,"n. 毒物, 毒药 v. 毒害"
Chapter-18 沙场争锋,devastate,"v. 毁坏, 摧毁"
Chapter-18 沙场争锋,risk,"n. 危险, ⻛险 v. 冒着…的危险"
Chapter-18 沙场争锋,adventure,"n. 冒险, 冒险经历 v. 去(某地)探险"
Chapter-18 沙场争锋,peril,"n. 重⼤危险; 险情, 危险"
Chapter-18 沙场争锋,catastrophe,"n. 重⼤灾难, ⼤祸"
Chapter-18 沙场争锋,collapse,n. v. 倒塌; 崩溃
Chapter-18 沙场争锋,torture,"n. 拷问; 痛苦, 折磨 v. 拷问; 使痛苦"
Chapter-18 沙场争锋,humiliate,"v. 羞辱, 使蒙羞"
Chapter-18 沙场争锋,damage,n. v. 损害; 伤害
Chapter-18 沙场争锋,harmful,adj. 有害的
Chapter-18 沙场争锋,mislead,"v. 误导, 欺骗, 使误⼊歧途"
Chapter-18 沙场争锋,disturb,v. 打扰; 使焦虑; 弄乱
Chapter-18 沙场争锋,interfere,v. ⼲涉; 防碍
Chapter-18 沙场争锋,interrupt,v. 打断; 中断; 插嘴
Chapter-18 沙场争锋,retreat,n. v. 撤退; 退避
Chapter-18 沙场争锋,shrink,"v. 退缩; 收缩, 缩⽔; 使减少"
Chapter-18 沙场争锋,withdraw,v. 收回; 撤退; 提款
Chapter-18 沙场争锋,withstand,"v. 承受, 顶住, 经受住"
Chapter-18 沙场争锋,compromise,v. 妥协
Chapter-18 沙场争锋,surrender,v. n. 投降; 放弃
Chapter-18 沙场争锋,escape,n. v. 逃跑; 逃脱; 逃避
Chapter-18 沙场争锋,avoid,v. 避免; 躲开
Chapter-18 沙场争锋,quit,"v. 放弃, 停⽌; 辞去; 离开"
Chapter-18 沙场争锋,abandon,"v. 放弃; 抛弃, 丢弃"
Chapter-18 沙场争锋,forgo,v. 放弃
Chapter-18 沙场争锋,discard,"v. 丢弃, 抛弃"
Chapter-18 沙场争锋,rid,"adj. 摆脱, 丢弃"
Chapter-18 沙场争锋,defend,"v. 防御, 保护; 为…辩护"
Chapter-18 沙场争锋,safeguard,"v. 保卫, 保护 n. 保护措施"
Chapter-18 沙场争锋,defeat,v. 击败; 战胜 n. 失败
Chapter-19 社会⻆⾊,resist,"v. 抵制, 反对; 抵御; 忍住"
Chapter-19 社会⻆⾊,capture,n. 战利品 v. 捕获; 夺得
Chapter-19 社会⻆⾊,victory,n. 胜利; 成功
Chapter-19 社会⻆⾊,triumph,"n. 伟⼤胜利, ⾮凡的成功 v. 获得胜利"
Chapter-19 社会⻆⾊,conquer,"v. 征服; 克服, 战胜"
Chapter-19 社会⻆⾊,monument,n. 纪念碑; 历史遗迹; 丰碑
Chapter-19 社会⻆⾊,tablet,"n. 碑, 匾; 药⽚"
Chapter-19 社会⻆⾊,statue,"n. 雕塑, 塑像"
Chapter-19 社会⻆⾊,medal,n. 奖章; 勋章
Chapter-19 社会⻆⾊,honour,"n. 尊敬, 敬意; 荣誉 v. 尊敬; 给予表扬"
Chapter-19 社会⻆⾊,glorious,"adj. 光荣的, 荣耀的"
Chapter-19 社会⻆⾊,contribute,v. 捐献; 作贡献; 撰稿
Chapter-19 社会⻆⾊,devote,v. 奉献; 投⼊
Chapter-19 社会⻆⾊,owe,"v. ⽋; 应把…归功于; ⽋(情), 感激"
Chapter-19 社会⻆⾊,patrol,"n. v. 巡逻, 巡查"
Chapter-19 社会⻆⾊,guard,"n. 卫兵, 警卫员 v. 看守; 守卫, 保卫"
Chapter-19 社会⻆⾊,camouflage,v. n. 伪装
Chapter-19 社会⻆⾊,obstacle,n. 障碍; 障碍物
Chapter-19 社会⻆⾊,burrow,"n. 地洞, 地道 v. 掘地洞"
Chapter-19 社会⻆⾊,spy,"n. 间谍, 特务 v. 搜集情报, 从事间谍活动"
Chapter-19 社会⻆⾊,scout,"n. 侦察员, 侦察机 v. 侦察, 搜寻"
Chapter-19 社会⻆⾊,general,n. 将军 adj. 总的; ⼀般性的
Chapter-19 社会⻆⾊,soldier,"n. ⼠兵, 战⼠"
Chapter-19 社会⻆⾊,veteran,n. ⽼兵; ⽼⼿
Chapter-19 社会⻆⾊,pioneer,"n. 先驱, 开创者"
Chapter-19 社会⻆⾊,prophet,n. 预⾔家; 先知
Chapter-19 社会⻆⾊,herald,"n. 使者, 传令官; 先驱, 预兆 v. 预告; 宣布"
Chapter-19 社会⻆⾊,heir,n. 后嗣; 继承⼈
Chapter-19 社会⻆⾊,successor,"n. 接替者, 继任者; 后继的事物"
Chapter-19 社会⻆⾊,generation,n. ⼀代⼈; ⼀代
Chapter-19 社会⻆⾊,surname,n. 姓 v. 给…起别⼈
Chapter-19 社会⻆⾊,gender,n. 性别
Chapter-19 社会⻆⾊,sex,n. 性别; 性⾏为
Chapter-19 社会⻆⾊,female,n. ⼥⼦; 雌性⽣物 adj. ⼥的; 雌性的
Chapter-19 社会⻆⾊,couple,"n. 夫妻, 情侣; 两个; ⼏个"
Chapter-19 社会⻆⾊,spouse,"n. 配偶, 夫或妻"
Chapter-19 社会⻆⾊,husband,n. 丈夫
Chapter-19 社会⻆⾊,gay,n. 同性恋者 adj. 同性恋的; 快乐的; 艳丽的
Chapter-19 社会⻆⾊,grandfather,n. 祖⽗
Chapter-19 社会⻆⾊,father-in-law,n. 岳⽗; 公公
Chapter-19 社会⻆⾊,sibling,n. 兄; 弟; 姐; 妹
Chapter-19 社会⻆⾊,cousin,n. 堂(或表)兄(弟姐妹)
Chapter-19 社会⻆⾊,nephew,n. 侄⼦; 外甥
Chapter-19 社会⻆⾊,niece,n. 侄⼥; 外甥⼥
Chapter-19 社会⻆⾊,twin,adj. 成双的 adj. 双胞胎之⼀
Chapter-19 社会⻆⾊,embryo,n. 胚胎 adj. 胚胎的; 初期的
Chapter-19 社会⻆⾊,infant,n. 婴⼉ adj. 供婴⼉⽤的; 婴⼉的
Chapter-19 社会⻆⾊,orphan,n. 孤⼉ v. 使成为孤⼉
Chapter-19 社会⻆⾊,juvenile,adj. 少年的 n. 少年
Chapter-19 社会⻆⾊,youngster,n. 年轻⼈; 少年
Chapter-19 社会⻆⾊,youth,n. ⻘年时期; ⻘春; ⻘年
Chapter-19 社会⻆⾊,gang,"n. ⼀帮, ⼀伙"
Chapter-19 社会⻆⾊,teenage,adj. ⻘少年
Chapter-19 社会⻆⾊,adolescence,n. ⻘春期
Chapter-19 社会⻆⾊,kin,"n. 亲属, 亲戚 adj. 有⾎缘关系的; 类似的"
Chapter-19 社会⻆⾊,folk,"n. ⼈们; 家属, 亲属"
Chapter-19 社会⻆⾊,relative,"n. 亲戚 adj. 相对的, 有关的"
Chapter-19 社会⻆⾊,intimate,"adj. 亲密的; 个⼈隐私的 n. 密友, ⾄交"
Chapter-19 社会⻆⾊,dear,adj. 亲爱的 int. 啊呀
Chapter-19 社会⻆⾊,darling,n. 亲爱的; 宠⼉
Chapter-19 社会⻆⾊,lover,n. 爱好者; 情⼈
Chapter-19 社会⻆⾊,beloved,n. 爱⼈ adj. 深受喜爱的
Chapter-19 社会⻆⾊,madam,"n. ⼥⼠, 夫⼈"
Chapter-19 社会⻆⾊,hostess,n. ⼥主⼈
Chapter-19 社会⻆⾊,landlady,n. ⼥房东; ⼥地主
Chapter-19 社会⻆⾊,mistress,"n. ⼥主⼈, 主妇; 情妇"
Chapter-19 社会⻆⾊,housewife,n. 家庭主妇
Chapter-19 社会⻆⾊,widow,"n. 寡妇, 遗孀"
Chapter-19 社会⻆⾊,maid,"n. ⼥佣, ⼥仆; 少⼥"
Chapter-19 社会⻆⾊,maiden,"n. 少⼥, 姑娘"
Chapter-19 社会⻆⾊,household,"n. 家庭, ⼀户; 家务"
Chapter-19 社会⻆⾊,chore,n. 家庭杂务; 锁事; 乏味⽆聊的⼯作
Chapter-19 社会⻆⾊,host,"n. 主⼈, 东道主"
Chapter-19 社会⻆⾊,landlord,n. 地主; 房东; 店主
Chapter-19 社会⻆⾊,tenant,n. 房客; 租房
Chapter-19 社会⻆⾊,guest,"n. 客⼈, 宾客; 旅客"
Chapter-19 社会⻆⾊,customer,"n. 顾客, 主顾, 客户"
Chapter-19 社会⻆⾊,client,"n. 顾客, 客户; 委托⼈"
Chapter-19 社会⻆⾊,encounter,v. n. 遭遇; 偶遇; 邂逅
Chapter-19 社会⻆⾊,chase,v. n. 追逐; 追求
Chapter-19 社会⻆⾊,miss,v. 相念; 未注意到
Chapter-19 社会⻆⾊,appointment,n. 约会; 预约; 指派
Chapter-19 社会⻆⾊,accompany,v. 陪伴; 伴随
Chapter-19 社会⻆⾊,dependent,"adj. 依靠的, 依赖的"
Chapter-19 社会⻆⾊,propose,v. 提议; 打算; 向…求婚
Chapter-19 社会⻆⾊,engagement,n. 婚约; 约定
Chapter-19 社会⻆⾊,marry,"v. 结婚, 娶, 嫁"
Chapter-19 社会⻆⾊,wedding,n. 婚礼
Chapter-19 社会⻆⾊,honeymoon,n. 蜜⽉
Chapter-19 社会⻆⾊,kiss,"v. 吻, 接吻 n. 吻"
Chapter-19 社会⻆⾊,divorce,n. 离婚; 脱离 v. 离婚; 使脱离
Chapter-19 社会⻆⾊,separate,"adj. 分开的, 单独的 v. 分开; 分居"
Chapter-19 社会⻆⾊,single,adj. 单⼀的; 单身的
Chapter-19 社会⻆⾊,sole,"adj. 仅有的, 唯⼀的"
Chapter-19 社会⻆⾊,respective,"adj. 各⾃的, 分别的"
Chapter-19 社会⻆⾊,each,"pron. 各个, 各⾃ det. 各, 每"
Chapter-19 社会⻆⾊,individual,"n. 个⼈; 个体 adj. 个别的, 单独的"
Chapter-19 社会⻆⾊,commuter,"n. 上下班往返者, 通勤者"
Chapter-19 社会⻆⾊,neighbourhood,n. 社区; 居住区; 周边地区
Chapter-19 社会⻆⾊,member,n. 成员; 会员
Chapter-19 社会⻆⾊,boss,"n. ⽼板, 上司 v. 对…指⼿画脚"
Chapter-19 社会⻆⾊,manager,"n. 经理, 管理⼈"
Chapter-19 社会⻆⾊,supervisor,"n. 管理者, 监督者"
Chapter-19 社会⻆⾊,subordinate,"n. 部属, 下级 adj. 次要的; 下级的"
Chapter-19 社会⻆⾊,partner,"n. 伙伴, 盟友; 合伙⼈; 搭档"
Chapter-19 社会⻆⾊,mate,n. 伙伴; 同伴
Chapter-19 社会⻆⾊,colleague,"n. 同事, 同⾏"
Chapter-19 社会⻆⾊,comrade,"n. 朋友; 战友, 同志"
Chapter-19 社会⻆⾊,acquaintance,"n. 认识的⼈, 泛泛之交; 认识; 了解"
Chapter-19 社会⻆⾊,friendship,"n. 友谊; 友情, 友好"
Chapter-19 社会⻆⾊,affection,"n. 喜爱, 钟爱; 爱慕"
Chapter-19 社会⻆⾊,stranger,n. 陌⽣⼈; 新来者
Chapter-19 社会⻆⾊,apprentice,"n. 学徒, 徒弟 v. 使当…的学徒"
Chapter-19 社会⻆⾊,deputy,"n. 代理⼈, 副⼿"
Chapter-19 社会⻆⾊,hero,"n. 男主⻆, 男主⼈公; 英雄; 勇⼠"
Chapter-19 社会⻆⾊,heroine,"n. ⼥主⻆, ⼥主⼈公; ⼥英雄"
Chapter-19 社会⻆⾊,actress,n. ⼥演员
Chapter-19 社会⻆⾊,chancellor,n. (德国或奥地利的)总理; (英国)财政⼤⾂
Chapter-19 社会⻆⾊,commander,n. 指挥官; 司令官
Chapter-19 社会⻆⾊,director,n. 导演; 主管; 理事
Chapter-19 社会⻆⾊,proponent,"n. 拥护者, ⽀持者"
Chapter-19 社会⻆⾊,committee,n. 委员会
Chapter-19 社会⻆⾊,council,n. 委员会; 市政委员会
Chapter-19 社会⻆⾊,delegate,"n. 代表 v. 授权, 委派"
Chapter-19 社会⻆⾊,specialist,n. 专家; 专科医⽣
Chapter-19 社会⻆⾊,consultant,n. 顾问; 会诊医师
Chapter-19 社会⻆⾊,veterinary,adj. 兽医的
Chapter-19 社会⻆⾊,counsellor,"n. 顾问, 辅导顾问; 律师"
Chapter-19 社会⻆⾊,solicitor,"n. 诉状律师, 事务律师; 初级律师; 法务官"
Chapter-19 社会⻆⾊,attorney,n. 律师; 代理⼈
Chapter-19 社会⻆⾊,umpire,n. 裁判员
Chapter-19 社会⻆⾊,cashier,n. 收银⾏; 出纳员
Chapter-19 社会⻆⾊,fireman,n. 消防队员
Chapter-19 社会⻆⾊,nurse,n. 护⼠; 保姆 v. 护理
Chapter-19 社会⻆⾊,gardener,"n. 园丁, 花匠"
Chapter-19 社会⻆⾊,barber,n. 理发师; 理发店
Chapter-19 社会⻆⾊,haircut,n. 理发
Chapter-19 社会⻆⾊,fisherman,"n. 渔⺠, 渔夫, 垂钓者"
Chapter-19 社会⻆⾊,butcher,n. 屠夫; 杀⼈狂
Chapter-19 社会⻆⾊,groom,"n. ⻢夫; 新郎 v. (给动物)刷洗; 理⽑, 梳⽑"
Chapter-19 社会⻆⾊,hostage,n. ⼈质; 抵押品
Chapter-19 社会⻆⾊,toil,"n. 苦⼯, 苦活; ⽹, 圈套 v. ⾟勤劳作, 苦⼲"
Chapter-20 ⾏为动作,beggar,n. 乞丐
Chapter-20 ⾏为动作,slave,n. 奴⾪
Chapter-20 ⾏为动作,coward,"n. 懦夫, 胆⼩⻤"
Chapter-20 ⾏为动作,act,v. ⾏动 n. ⾏为
Chapter-20 ⾏为动作,behave,v. 表现; 运转
Chapter-20 ⾏为动作,deed,n. ⾏为; 功绩; 契约
Chapter-20 ⾏为动作,accustom,v. 使习惯于; 使适应
Chapter-20 ⾏为动作,react,"v. 作出反应, 反应"
Chapter-20 ⾏为动作,respond,"v. 回答; 响应, 作出反应"
Chapter-20 ⾏为动作,reflect,v. 反映; 反射
Chapter-20 ⾏为动作,bear,v. ⽣孩⼦; 容忍; 承担责任
Chapter-20 ⾏为动作,adopt,"v. 收养; 采取, 采⽤"
Chapter-20 ⾏为动作,nourish,"v. 滋养, 给…提供营养"
Chapter-20 ⾏为动作,mow,"v. 割, 修剪 n. ⼲草堆"
Chapter-20 ⾏为动作,support,v. ⽀撑; ⽀持; 供养 n. ⽀持; 帮助
Chapter-20 ⾏为动作,exhale,"v. 呼⽓, 呼出"
Chapter-20 ⾏为动作,intake,n. 吸⼊; 摄取量; 新招收者
Chapter-20 ⾏为动作,revive,v. 苏醒; 复兴; 复活
Chapter-20 ⾏为动作,survive,v. 幸存; ⽣存
Chapter-20 ⾏为动作,glare,v. 怒⽬⽽视; 发出强光 n. 刺眼的光; 怒视
Chapter-20 ⾏为动作,glimpse,v. 瞥⻅ n. ⼀瞥
Chapter-20 ⾏为动作,glance,"v. 瞥, 迅速看⼀眼 n. ⼀瞥"
Chapter-20 ⾏为动作,peep,"v. 窥视, 偷看 n. 偷偷⼀瞥"
Chapter-20 ⾏为动作,gaze,"v. 凝视, 注视"
Chapter-20 ⾏为动作,peer,"v. 凝视, 盯着看 n. 同等地位的⼈, 同辈"
Chapter-20 ⾏为动作,stare,"v. 凝视, 盯着看"
Chapter-20 ⾏为动作,contemplate,v. 凝视; 沉思; 考虑
Chapter-20 ⾏为动作,vow,n. 誓约 v. 发誓
Chapter-20 ⾏为动作,oath,n. 誓⾔; 宣誓
Chapter-20 ⾏为动作,pledge,"n. 保证, 誓⾔ v. 保证"
Chapter-20 ⾏为动作,whistler,n. ⼝哨; 哨⼦; 汽笛声 v. 吹⼝哨; 吹哨⼦
Chapter-20 ⾏为动作,reply,"v. n. 回复, 回答"
Chapter-20 ⾏为动作,notify,v. 通知; 布告
Chapter-20 ⾏为动作,assert,"v. 断⾔, 坚称; 坚持⾃⼰的主张"
Chapter-20 ⾏为动作,explain,"v. 说明, 解释"
Chapter-20 ⾏为动作,quarrel,"v. n. 吵架, 争论"
Chapter-20 ⾏为动作,dispute,"v. n. 争论, 辩论"
Chapter-20 ⾏为动作,argument,"n. 辩论, 争论; 论点, 论据"
Chapter-20 ⾏为动作,mention,"v. n. 提及, 说起"
Chapter-20 ⾏为动作,hurry,v. 赶紧; 催促 n. 匆忙
Chapter-20 ⾏为动作,hasten,v. 赶紧; 促进
Chapter-20 ⾏为动作,urge,"v. 催促, 敦促 n. 冲动"
Chapter-20 ⾏为动作,scold,"v. 责骂, 斥责"
Chapter-20 ⾏为动作,curse,v. 咒骂; 诅咒 n. 咒语; 咒骂话
Chapter-20 ⾏为动作,swear,"v. 诅咒, 咒骂; 发誓, 保证"
Chapter-20 ⾏为动作,provoke,"v. 激怒, 挑拨; 引起"
Chapter-20 ⾏为动作,preach,v. 宣扬
Chapter-20 ⾏为动作,boast,"v. n. ⾃夸, 吹嘘"
Chapter-20 ⾏为动作,tease,"v. 取笑, 嘲弄"
Chapter-20 ⾏为动作,mock,"v. 嘲笑, 嘲弄 adj. 模拟的; 假装的"
Chapter-20 ⾏为动作,touch,v. 触摸; 触动 n. 触觉; 接触
Chapter-20 ⾏为动作,hug,v. n. 拥抱
Chapter-20 ⾏为动作,tap,"v. 轻拍, 轻叩; 开发"
Chapter-20 ⾏为动作,clap,v. 拍⼿; 轻拍 n. ⿎掌
Chapter-20 ⾏为动作,applaud,"v. ⿎掌; 称赞, 赞许"
Chapter-20 ⾏为动作,kneel,"v. 跪, 跪下"
Chapter-20 ⾏为动作,catch,v. 捉住; 赶上; 领会
Chapter-20 ⾏为动作,snatch,"v. ⼀把抓住, 迅速夺取"
Chapter-20 ⾏为动作,grab,"v. 抓住, 攫取; 取"
Chapter-20 ⾏为动作,grasp,"v. 抓牢, 握紧; 完全理解, 全⾯领会"
Chapter-20 ⾏为动作,overtake,"v. 超过, 追上; (情感等)压倒"
Chapter-20 ⾏为动作,follow,v. 跟随; 是…的必然结果; 遵循
Chapter-20 ⾏为动作,grip,"v. n. 紧握, 抓牢"
Chapter-20 ⾏为动作,mess,"n. 混乱, 脏乱 v. 弄乱"
Chapter-20 ⾏为动作,twist,"v. 拧, 扭; 使缠绕 n. 拧, 扭动"
Chapter-20 ⾏为动作,scatter,v. 撒; 散开
Chapter-20 ⾏为动作,fold,"v. 折叠, 对折"
Chapter-20 ⾏为动作,fasten,"v. 扣牢, 系牢, 缚紧"
Chapter-20 ⾏为动作,loosen,"v. 解开, 松开; 放宽"
Chapter-20 ⾏为动作,smash,v. 打碎; 猛烈撞击; 扣球
Chapter-20 ⾏为动作,scratch,"v. 擦破, 刮坏; 搔 n. 乱涂; 划痕, 擦伤"
Chapter-20 ⾏为动作,wipe,"v. 揩, 擦"
Chapter-20 ⾏为动作,scrape,v. 刮掉; 擦⼲; 勉强获得 n. 刮; 擦伤
Chapter-20 ⾏为动作,polish,"v. 擦光, 擦亮; 使完美, 改进"
Chapter-20 ⾏为动作,peel,v. 剥落; 掉漆; 脱⽪
Chapter-20 ⾏为动作,split,v. 开裂; 分裂; 分开
Chapter-20 ⾏为动作,sway,"v. 摇摆, 摆动, 摇晃"
Chapter-20 ⾏为动作,shake,"v. n. 摇动, 颤动"
Chapter-20 ⾏为动作,vibrate,"v. 振动, 摇摆"
Chapter-20 ⾏为动作,whirl,v. n. 回旋
Chapter-20 ⾏为动作,rotate,"v. 旋转, 转动"
Chapter-20 ⾏为动作,reel,"v. 眩晕, 混乱"
Chapter-20 ⾏为动作,shuffle,v. 洗牌; 拖着脚⾛; 搅乱…的次序 n. 洗牌
Chapter-20 ⾏为动作,collide,v. 碰撞; 抵触
Chapter-20 ⾏为动作,contact,"n. v. 接触, 联系"
Chapter-20 ⾏为动作,connect,v. 连接; 接通
Chapter-20 ⾏为动作,combine,"v. 联合, 结合"
Chapter-20 ⾏为动作,bond,v. 与…黏合(或连接) n. 黏合; 纽带
Chapter-20 ⾏为动作,integrate,"v. 合并, 成为⼀体"
Chapter-20 ⾏为动作,wrap,"v. 包, 裹"
Chapter-20 ⾏为动作,penetrate,"v. 刺⼊, 穿透; 渗透; 洞察"
Chapter-20 ⾏为动作,pierce,"v. 刺穿, 刺破, 穿透; 使⼼如⼑割"
Chapter-20 ⾏为动作,insert,"v. 插⼊, 嵌⼊ n. 插⼊物"
Chapter-20 ⾏为动作,tilt,"v. 倾斜, 歪斜"
Chapter-20 ⾏为动作,tow,"v. 拖, 拉, 牵引 n. 牵引"
Chapter-20 ⾏为动作,trail,v. 跟踪; 拖在后⾯ n. 踪迹
Chapter-20 ⾏为动作,arrange,"v. 安排, 整理, 使有条理"
Chapter-20 ⾏为动作,manipulate,v. 操作; 操纵
Chapter-20 ⾏为动作,steer,"v. 操舵, 驾驶(船、⻋等); 操纵"
Chapter-20 ⾏为动作,baptise,v. 给…施⾏洗礼
Chapter-20 ⾏为动作,bet,"v. 下注, 打赌; 敢说 n. 打赌; 赌注"
Chapter-20 ⾏为动作,stake,n. 赌注; 桩 v. 以…打赌
Chapter-20 ⾏为动作,gamble,v. n. 赌博; 冒险
Chapter-20 ⾏为动作,promise,n. 诺⾔ v. 承诺
Chapter-20 ⾏为动作,attract,v. 吸引; 引起
Chapter-20 ⾏为动作,obsess,"v. 痴迷, ⼼神不宁"
Chapter-20 ⾏为动作,mesmerize,"v. 吸引, 迷住"
Chapter-20 ⾏为动作,nightmare,"n. 噩梦, 梦魇"
Chapter-20 ⾏为动作,amaze,"v. 使惊奇, 使惊愕"
Chapter-20 ⾏为动作,marvel,"v. 感到惊讶, ⼤为赞叹 n. 奇迹"
Chapter-20 ⾏为动作,astonish,v. 使惊讶
Chapter-20 ⾏为动作,involve,v. 参加; 牵涉
Chapter-20 ⾏为动作,annoy,v. 使恼怒; 打扰
Chapter-20 ⾏为动作,upset,"v. 使⼼烦意乱, 使⽣⽓; 搅乱; 打翻"
Chapter-20 ⾏为动作,bewilder,"v. 使迷惑, 使不知所措"
Chapter-20 ⾏为动作,irony,n. 反语; 有讽刺意味的情形
Chapter-20 ⾏为动作,indignity,"n. 侮辱, 轻蔑"
Chapter-20 ⾏为动作,contempt,"n. 轻视, 藐视"
Chapter-20 ⾏为动作,neglect,"v. n. 忽视, 忽略"
Chapter-20 ⾏为动作,disregard,"v. 不顾, 漠视 n. 忽视, 漠视"
Chapter-20 ⾏为动作,ignorance,"n. ⽆知, 愚昧"
Chapter-20 ⾏为动作,bias,"v. 使有偏⻅, 使偏⼼ n. 偏⻅, 偏⼼"
Chapter-20 ⾏为动作,deviate,"v. 偏离, 背离"
Chapter-20 ⾏为动作,expel,v. 驱逐; 开除; 排出
Chapter-20 ⾏为动作,flee,"v. 逃避, 逃离"
Chapter-20 ⾏为动作,bully,"v. 恐吓, 欺凌 n. 恃强凌弱者"
Chapter-20 ⾏为动作,panic,"n. v. 惊恐, 惊慌"
Chapter-20 ⾏为动作,terrify,"v. 使恐惧, 使⾮常害怕"
Chapter-20 ⾏为动作,revenge,"n. 报仇, 复仇 v. 为…报仇"
Chapter-20 ⾏为动作,kidnap,"v. 绑架, 劫持"
Chapter-20 ⾏为动作,hijack,v. 劫持(⻜机或其他交通⼯具)
Chapter-20 ⾏为动作,smuggle,"v. ⾛私, 偷运"
Chapter-20 ⾏为动作,convict,"v. 定罪, 宣判…有罪 n. 已决犯"
Chapter-20 ⾏为动作,strangle,"v. 勒死, 扼死; 绞死; 扼杀"
Chapter-20 ⾏为动作,massacre,"n. v. 残杀, 屠杀"
Chapter-20 ⾏为动作,decimation,"n. ⼤批杀死, ⼤量毁灭; ⼤⼤削弱"
Chapter-20 ⾏为动作,intervene,v. 插话; ⼲扰; ⼲涉
Chapter-20 ⾏为动作,impede,"v. 防碍, 阻⽌"
Chapter-20 ⾏为动作,allure,"v. 吸引, 引诱"
Chapter-20 ⾏为动作,bait,v. 使上当发光 n. 诱饵
Chapter-20 ⾏为动作,induce,"v. 引诱, 劝说"
Chapter-20 ⾏为动作,tempt,"v. 引诱, 诱惑; 怂恿"
Chapter-20 ⾏为动作,designate,"v. 指明; 选派, 指派"
Chapter-20 ⾏为动作,assign,v. 布置; 分配; 指定; 确定
Chapter-20 ⾏为动作,distribute,"v. 分发, 分配"
Chapter-20 ⾏为动作,despatch,"v. 派遣, 调派; 迅速处理"
Chapter-20 ⾏为动作,detach,"v. 分开, 分离; 派遣"
Chapter-20 ⾏为动作,undo,"v. 取消; 打开, 解开"
Chapter-20 ⾏为动作,disguise,"v. 隐藏; 假扮, 伪装 n. 假扮; 伪装物"
Chapter-20 ⾏为动作,conceal,"v. 隐藏, 掩盖"
Chapter-20 ⾏为动作,refuse,v. 拒绝; 回绝
Chapter-20 ⾏为动作,exclude,v. 把…排除在外; 拒绝
Chapter-20 ⾏为动作,reverse,"v. 颠倒, 彻底改变; 撤销 n. 相反的情况; 反⾯"
Chapter-20 ⾏为动作,assure,v. 向…保证; 保证; 保险
Chapter-20 ⾏为动作,undertake,"v. 承担; 许诺, 保证"
Chapter-20 ⾏为动作,stipulate,"v. 规定, 明确要求; 保证"
Chapter-20 ⾏为动作,convince,"v. 使确信, 使信服; 说服"
Chapter-20 ⾏为动作,reassure,"v. 使安⼼, 使放⼼"
Chapter-20 ⾏为动作,wish,v. 想要 n. 希望
Chapter-20 ⾏为动作,aspire,v. 渴望; 有志于
Chapter-20 ⾏为动作,desire,"n. 愿望, 欲望 v. 渴望, 期望"
Chapter-20 ⾏为动作,yearn,"v. 渴望, 向往"
Chapter-20 ⾏为动作,invoke,v. 恳求; 唤起(感情等); 向…祈求帮助
Chapter-20 ⾏为动作,itch,v. 发痒; 渴望 n. 痒; 渴望
Chapter-20 ⾏为动作,attempt,"v. 尝试, 试图 n. 尝试, 企图"
Chapter-20 ⾏为动作,strive,"v. 努⼒, 奋⽃"
Chapter-20 ⾏为动作,effort,n. 努⼒; 努⼒的成果
Chapter-20 ⾏为动作,fulfil,"v. 履⾏, 实⾏; 完成; 满⾜"
Chapter-20 ⾏为动作,range,v. 变动
Chapter-20 ⾏为动作,sort,"n. 种类, 类别 v. 把…分类"
Chapter-20 ⾏为动作,loom,v. 隐现; 逼近 n. 织布机
Chapter-20 ⾏为动作,launch,"v. 发射; 发布, 推出; 发起"
Chapter-20 ⾏为动作,commence,"v. 开始, 着⼿"
Chapter-20 ⾏为动作,exploit,"v. 开发, 开采, 开拓"
Chapter-20 ⾏为动作,explore,"v. 勘查, 考察; 探讨"
Chapter-20 ⾏为动作,exert,"v. 运⽤, ⾏使; 施加"
Chapter-20 ⾏为动作,tackle,"v. 处理, 应对, 解决 n. ⽤具, 器材"
Chapter-20 ⾏为动作,cope,"v. 应付, 处理"
Chapter-20 ⾏为动作,dispose,"v. 布置, 安排"
Chapter-20 ⾏为动作,conduct,"v. 进⾏, 实施 n. 举⽌, ⾏为"
Chapter-20 ⾏为动作,omit,v. 遗漏; 省略; 删去
Chapter-20 ⾏为动作,delete,"v. 删除, 删掉"
Chapter-20 ⾏为动作,cancel,v. 取消; 废除
Chapter-20 ⾏为动作,clear,adj. 清晰的; 明显的 v. 清除
Chapter-20 ⾏为动作,erase,v. 擦掉; 抹去; 删除
Chapter-20 ⾏为动作,rescue,"v. n. 营救, 救援"
Chapter-20 ⾏为动作,resort,"v. 求助于, 采取 n. 度假胜地"
Chapter-20 ⾏为动作,recover,v. 重新拿回; 恢复健康; 复原
Chapter-20 ⾏为动作,restore,v. 恢复; 归还; 修复
Chapter-20 ⾏为动作,rectify,"v. 纠正, 矫正, 改正"
Chapter-20 ⾏为动作,redeem,"v. 赎回; 挽回, 补偿; 兑现"
Chapter-20 ⾏为动作,offset,v. n. 补偿; 抵消
Chapter-20 ⾏为动作,replenish,"v. 重新装满, 补充"
Chapter-20 ⾏为动作,obtain,"v. 获得, 得到"
Chapter-20 ⾏为动作,gain,v. 获得; 增加 n. 增加; 改进
Chapter-20 ⾏为动作,supply,"v. 供给, 供应, 提供 n. 供应量"
Chapter-20 ⾏为动作,offer,n. 给予; 提议 v. 提供; 出价
Chapter-20 ⾏为动作,render,v. 给予; 提供; 翻译
Chapter-20 ⾏为动作,enlarge,v. 扩⼤; 扩展; 放⼤
Chapter-20 ⾏为动作,augment,"v. 扩⼤, 增加, 加强, 提⾼"
Chapter-20 ⾏为动作,magnify,v. 放⼤; 夸⼤
Chapter-20 ⾏为动作,amplify,v. 增强; 扩⼤; 充实
Chapter-20 ⾏为动作,exaggerate,"v. 夸张, 夸⼤"
Chapter-20 ⾏为动作,prolong,v. 延⻓; 延期
Chapter-20 ⾏为动作,uphold,"v. ⽀持, 维护; 维持"
Chapter-20 ⾏为动作,backup,"n. 备份; 后援, ⽀持 adj. 备⽤的"
Chapter-20 ⾏为动作,propel,"v. 推动, 驱使; 推进"
Chapter-20 ⾏为动作,update,v. 更新; 使现代化
Chapter-20 ⾏为动作,raise,v. 举起; 引起; 抚养; 提⾼
Chapter-20 ⾏为动作,leak,"v. 泄漏 n. 漏洞, 裂缝"
Chapter-20 ⾏为动作,spill,v. 溢出
Chapter-20 ⾏为动作,seep,v. 渗出; 渗漏
Chapter-20 ⾏为动作,ooze,v. 渗出; 洋溢着
Chapter-20 ⾏为动作,evacuate,"v. 疏散, 撤离"
Chapter-20 ⾏为动作,trench,"v. 掘沟; 砍除 n. 沟, 渠, 壕沟"
Chapter-20 ⾏为动作,saturate,"v. 使饱和, 使充满; 浸透"
Chapter-20 ⾏为动作,excuse,v. 原谅; 同意免除 n. 理由; 借⼝
Chapter-20 ⾏为动作,forgive,"v. 原谅, 宽恕, 饶恕"
Chapter-20 ⾏为动作,contain,"v. 包含, 容纳; 抵制"
Chapter-20 ⾏为动作,regard,n. 尊重; 问候 v. 看待
Chapter-20 ⾏为动作,flatter,"v. 奉承, 讨好, 向…谄媚"
Chapter-20 ⾏为动作,worship,"n. 崇拜, 礼拜; 爱慕 v. 做礼拜"
Chapter-20 ⾏为动作,cause,"n. 原因, 理由; 事业 v. 引起, 导致"
Chapter-20 ⾏为动作,sake,"n. 理由, ⽬的"
Chapter-20 ⾏为动作,purpose,n. ⽬的
Chapter-20 ⾏为动作,objective,n. 宗旨; ⽬标 adj. 客观的
Chapter-20 ⾏为动作,arouse,"v. 唤起, 激起, 引起"
Chapter-20 ⾏为动作,trigger,"v. 引发, 触发 n. 扳机"
Chapter-20 ⾏为动作,seek,v. 寻找; 寻求
Chapter-20 ⾏为动作,retrieve,v. 取回; 挽回
Chapter-20 ⾏为动作,testify,v. 作证; 证明
Chapter-20 ⾏为动作,verify,"v. 证实; 核实, 查清"
Chapter-20 ⾏为动作,specify,"v. 具体指定, 详细说明"
Chapter-20 ⾏为动作,enlighten,"v. 启发, 开启, 启迪"
Chapter-20 ⾏为动作,impart,v. 传授; 透露
Chapter-20 ⾏为动作,deserve,v. 应得; 应受
Chapter-20 ⾏为动作,drop,v. 落下; 降低; 和…断绝关系 n. 滴
Chapter-20 ⾏为动作,sink,v. 下降; 下沉
Chapter-20 ⾏为动作,plummet,v. 垂直掉下; 骤然下跌
Chapter-20 ⾏为动作,muffle,v. 使(声⾳)减弱
Chapter-20 ⾏为动作,overshadow,v. 遮蔽; 使黯然失⾊
Chapter-20 ⾏为动作,invite,v. 邀请
Chapter-20 ⾏为动作,welcome,int. n. v. 欢迎
Chapter-20 ⾏为动作,salute,v. n. ⾏礼; 致敬
Chapter-20 ⾏为动作,celebrate,v. 庆祝
Chapter-20 ⾏为动作,congratulate,"v. 祝贺, 向…道贺"
Chapter-20 ⾏为动作,bless,"v. 祝福, 为…祈求上帝保佑"
Chapter-20 ⾏为动作,participate,"v. 参与, 参加"
Chapter-20 ⾏为动作,farewell,int. 再会 n. 告别
Chapter-21 身⼼健康,assort,"v. 把…分类; 相配, 协调"
Chapter-21 身⼼健康,correspond,"v. 符合, 相⼀致; 通信"
Chapter-21 身⼼健康,accord,"n. 协议, 条约 v. 给予"
Chapter-21 身⼼健康,attribute,"v. 把…归因于 n. 属性, 特征"
Chapter-21 身⼼健康,recall,"n. 回忆, 回想起; 召回"
Chapter-21 身⼼健康,recollect,"v. 记忆, 想起"
Chapter-21 身⼼健康,remind,"v. 提醒, 使想起"
Chapter-21 身⼼健康,retell,"v. 复述, 重新讲述"
Chapter-21 身⼼健康,repeat,v. 重复 adj. 再次光顾的
Chapter-21 身⼼健康,retrospect,n. 回顾
Chapter-21 身⼼健康,impress,v. 给…深刻印象; 使铭记
Chapter-21 身⼼健康,surmount,v. 克服; 置于…顶端
Chapter-21 身⼼健康,mortify,"v. 使难堪, 使羞愧"
Chapter-21 身⼼健康,pervade,"v. 弥漫, 渗透, 遍及"
Chapter-21 身⼼健康,replace,"v. 代替, 取代"
Chapter-21 身⼼健康,substitute,v. ⽤…代替; 替换 n. 代⽤品; 代替者; 替补(运动员)
Chapter-21 身⼼健康,distinguish,"v. 区别, 辨别; 使出众, 使著名"
Chapter-21 身⼼健康,differentiate,"v. 区分, 区别; 差别对待"
Chapter-21 身⼼健康,incline,v. 倾向于; 倾斜 n. 斜坡; 倾斜
Chapter-21 身⼼健康,lean,v. 倚靠; 倾斜 adj. 瘦的; 贫乏的
Chapter-21 身⼼健康,sideways,adv. 向⼀侧
Chapter-21 身⼼健康,feel,"v. 感觉到, 感知; 触碰"
Chapter-21 身⼼健康,mood,"n. ⼼情, 情绪; ⽓氛"
Chapter-21 身⼼健康,emotion,"n. 情绪, 情感, 感情"
Chapter-21 身⼼健康,temper,"n. 坏脾⽓; 情绪, ⼼情 v. 使缓和"
Chapter-21 身⼼健康,manner,n. 举⽌; 礼貌; ⽅式; ⻛俗
Chapter-21 身⼼健康,attitude,"n. 态度, 看法"
Chapter-21 身⼼健康,character,n. 性格; 特征; ⼈物; ⻆⾊
Chapter-21 身⼼健康,personality,"n. 个性, ⼈性"
Chapter-21 身⼼健康,trait,"n. 特征, 特点"
Chapter-21 身⼼健康,virtue,"n. 美德, 德⾏; 优点"
Chapter-21 身⼼健康,feature,n. 特征; ⾯容的⼀部分 v. 以…为特⾊
Chapter-21 身⼼健康,stature,"n. 身⾼, 身材; ⾼度"
Chapter-21 身⼼健康,flesh,n. ⾁; ⼈类
Chapter-21 身⼼健康,mankind,n. ⼈类; 男⼈
Chapter-21 身⼼健康,human,adj. ⼈类的; 有⼈性的 n. ⼈类
Chapter-21 身⼼健康,bone,"n. ⻣, ⻣骼"
Chapter-21 身⼼健康,backbone,"n. 脊柱; ⻣⼲, 中坚; ⻣⽓"
Chapter-21 身⼼健康,skeleton,"n. ⻣骼, ⻣架; 框架, 梗概"
Chapter-21 身⼼健康,skull,n. 头脑; 头⻣
Chapter-21 身⼼健康,brain,"n. 脑; 智慧, 智⼒"
Chapter-21 身⼼健康,mind,n. 头脑; 思考能⼒; 思维; 意⻅; 记忆⼒
Chapter-21 身⼼健康,physical,adj. 身体的; 物质的; 物理的
Chapter-21 身⼼健康,mental,"adj. 精神的, 思想上的; 智⼒的"
Chapter-21 身⼼健康,cheek,"n. ⾯颊, 颊"
Chapter-21 身⼼健康,forehead,n. 额
Chapter-21 身⼼健康,brow,n. 额; 眉; 眉⽑
Chapter-21 身⼼健康,eyelash,n. 睫⽑
Chapter-21 身⼼健康,lip,n. 嘴唇; 边缘
Chapter-21 身⼼健康,mouth,"n. ⼝, 嘴; 河⼝"
Chapter-21 身⼼健康,tongue,n. ⾆头; 语⾔
Chapter-21 身⼼健康,throat,"n. 喉咙; 窄路; 嗓⼦, 嗓⾳"
Chapter-21 身⼼健康,gorge,"n. 咽喉; 暴⻝; ⼭峡, 峡⾕ v. 狼吞⻁咽"
Chapter-21 身⼼健康,chin,n. 下巴
Chapter-21 身⼼健康,jaw,n. 颌; 下巴; 狭窄⼊⼝; 唠叨
Chapter-21 身⼼健康,neck,n. 脖⼦; 颈; ⾐领
Chapter-21 身⼼健康,beard,n. 胡须
Chapter-21 身⼼健康,shoulder,n. 肩膀; 路肩
Chapter-21 身⼼健康,limb,n. 肢; 树枝
Chapter-21 身⼼健康,elbow,n. 肘部; 弯头; 扶⼿ v. ⽤肘挤
Chapter-21 身⼼健康,wrist,"n. ⼿腕, 腕关节"
Chapter-21 身⼼健康,thumb,n. 拇指
Chapter-21 身⼼健康,palm,n. ⼿掌; 棕榈树 v. 把…藏在⼿中
Chapter-21 身⼼健康,finger,n. ⼿指
Chapter-21 身⼼健康,fist,"n. 拳头, 拳"
Chapter-21 身⼼健康,chest,"n. 胸部, 胸"
Chapter-21 身⼼健康,abdomen,"n. 腹部, 腹"
Chapter-21 身⼼健康,rib,n. 肋⻣; 排⻣
Chapter-21 身⼼健康,waist,n. 腰; 腰部
Chapter-21 身⼼健康,organ,n. 器官; 机构; ⻛琴
Chapter-21 身⼼健康,liver,n. 肝脏
Chapter-21 身⼼健康,stomach,"n. 胃⼝; 胃, 腹部"
Chapter-21 身⼼健康,womb,n. ⼦宫; 发源地
Chapter-21 身⼼健康,kidney,"n. 肾, 肾脏"
Chapter-21 身⼼健康,lung,n. 肺
Chapter-21 身⼼健康,gland,n. 腺
Chapter-21 身⼼健康,chamber,"n. 腔, 室; 议院"
Chapter-21 身⼼健康,intestine,n. 肠
Chapter-21 身⼼健康,thigh,"n. ⼤腿, 股"
Chapter-21 身⼼健康,joint,"n. 关节; 接合处 adj. 共同的, 联合的"
Chapter-21 身⼼健康,knee,"n. 膝盖, 膝"
Chapter-21 身⼼健康,lap,n. ⼤腿部; 下摆; 环节; ⼀圈
Chapter-21 身⼼健康,ankle,n. 踝; 踝关节
Chapter-21 身⼼健康,heel,n. ⾜跟
Chapter-21 身⼼健康,toe,"n. 脚趾, ⾜尖"
Chapter-21 身⼼健康,muscle,n. 肌⾁
Chapter-21 身⼼健康,pore,"n. ⽑孔; ⼩孔, ⽓孔 v. 凝视; 沉思"
Chapter-21 身⼼健康,pulse,n. 脉搏; 脉冲
Chapter-21 身⼼健康,artery,n. 动脉; ⼲线
Chapter-21 身⼼健康,nerve,"n. 神经; 紧张, 焦虑"
Chapter-21 身⼼健康,hormone,"n. 荷尔蒙, 激素"
Chapter-21 身⼼健康,immune,adj. 免疫的; 有受影响的; 免除的
Chapter-21 身⼼健康,stimulus,n. 刺激物; 促进因素
Chapter-21 身⼼健康,biorhythm,n. ⽣物节律
Chapter-21 身⼼健康,lifestyle,n. ⽣活⽅式
Chapter-21 身⼼健康,habit,n. 习惯
Chapter-21 身⼼健康,sense,n. 感觉; 感官
Chapter-21 身⼼健康,sight,n. 视⼒; 看⻅; 景物 v. 观察
Chapter-21 身⼼健康,eyesight,n. 视⼒
Chapter-21 身⼼健康,view,n. 视野; ⻅解; ⻛景; 查看
Chapter-21 身⼼健康,visual,"adj. 视⼒的, 视觉的"
Chapter-21 身⼼健康,visible,"adj. 可⻅的, 看得⻅的"
Chapter-21 身⼼健康,vague,"adj. 含糊的; 不清楚的, 模糊的"
Chapter-21 身⼼健康,blind,"adj. 盲⽬的, 瞎的; 未察觉到的"
Chapter-21 身⼼健康,dumb,adj. 哑的; 不肯开⼝的
Chapter-21 身⼼健康,aural,adj. ⽿的; 听觉的; ⽓味的; 先兆的
Chapter-21 身⼼健康,dental,adj. ⽛的; ⽛⻮的; ⽛科的
Chapter-21 身⼼健康,awake,adj. 醒着的; 警觉的
Chapter-21 身⼼健康,yawn,v. 打呵⽋; 裂开 n. 呵⽋
Chapter-21 身⼼健康,nap,"n. ⼩睡, 打盹; 绒⽑"
Chapter-21 身⼼健康,doze,"v. ⼩睡, 打盹"
Chapter-21 身⼼健康,quiet,adj. 安静的; 寂静的; 平静的
Chapter-21 身⼼健康,asleep,adj. 睡着的; 不活跃的; 麻⽊的
Chapter-21 身⼼健康,cripple,n. 跛⼦; 残疾⼈ v. 使跛
Chapter-21 身⼼健康,lame,"adj. 瘸的, 跛的; ⽆说服⼒的"
Chapter-21 身⼼健康,dwarf,n. ⼩矮⼈; 侏儒 adj. 矮⼩的
Chapter-21 身⼼健康,pregnancy,"n. 怀孕, 妊娠"
Chapter-21 身⼼健康,born,v. 出⽣ adj. 天⽣的; 与⽣俱来的
Chapter-21 身⼼健康,condom,n. 避孕套
Chapter-21 身⼼健康,clone,v. 克隆 n. 克隆动物(或植物)
Chapter-21 身⼼健康,symptom,n. 征兆; 症状
Chapter-21 身⼼健康,disease,n. 疾病
Chapter-21 身⼼健康,illness,n. 疾病; 病
Chapter-21 身⼼健康,moan,n. v. 呻吟; 哀悼
Chapter-21 身⼼健康,infection,n. 传染; 传染病; 影响
Chapter-21 身⼼健康,detriment,n. 损害; 损害物; 伤害
Chapter-21 身⼼健康,broken,adj. 弄坏的; 破碎的
Chapter-21 身⼼健康,disable,v. 使丧失能⼒; 使⽆能⼒; 使伤残
Chapter-21 身⼼健康,invalid,"n. 病弱者, 伤残者; 病⼈, 病号 adj. 病弱的, 伤残的; ⽆效的"
Chapter-21 身⼼健康,patient,"n. 病⼈ adj. 有耐⼼的, 能忍耐的"
Chapter-21 身⼼健康,dysfunction,"n. (身体)功能障碍, 机能失调"
Chapter-21 身⼼健康,diabetes,n. 糖尿病
Chapter-21 身⼼健康,obesity,n. 肥胖; 肥胖症
Chapter-21 身⼼健康,overweight,"adj. 超重的, 过胖的 n. 超重 v. 使超重; 过于重视"
Chapter-21 身⼼健康,hypertension,n. ⾼⾎压
Chapter-21 身⼼健康,paralyse,v. 使麻痹; 使瘫痪; 使⽆助
Chapter-21 身⼼健康,dizzy,"adj. 眩晕的, 头晕⽬眩的 v. 使眩晕"
Chapter-21 身⼼健康,insane,adj. 患精神病的; 疯狂的
Chapter-21 身⼼健康,insomnia,"n. 失眠, 失眠症"
Chapter-21 身⼼健康,allergy,n. 敏感症; 过敏性
Chapter-21 身⼼健康,heart attack,n. ⼼脏病发作
Chapter-21 身⼼健康,cancer,n. 癌
Chapter-21 身⼼健康,arthritis,n. 关节炎
Chapter-21 身⼼健康,pimple,"n. 粉刺, ⼩脓疱"
Chapter-21 身⼼健康,stroke,n. 中⻛; 击打; ⼀笔画
Chapter-21 身⼼健康,plague,n. 瘟疫
Chapter-21 身⼼健康,flu,"n. 流感, 流⾏性感冒"
Chapter-21 身⼼健康,fever,"n. 发烧, 发热; 狂热 v. 发烧; 狂热"
Chapter-21 身⼼健康,headache,n. 头痛
Chapter-21 身⼼健康,swell,"v. 肿胀, 膨胀; 增加"
Chapter-21 身⼼健康,choke,v. 窒息; 阻塞; 说不出话; 勒死
Chapter-21 身⼼健康,injure,"v. 伤害, 使遭受损伤; 损害"
Chapter-21 身⼼健康,injury,n. 伤害; 损害
Chapter-21 身⼼健康,hurt,v. 损害; 伤害; 疼痛
Chapter-21 身⼼健康,bleed,v. 流⾎; 榨取; 给…放⾎
Chapter-21 身⼼健康,bruise,n. 淤伤; 伤痕 v. 擦伤
Chapter-21 身⼼健康,scar,"n. 疤痕, 伤疤"
Chapter-21 身⼼健康,wound,"n. 伤⼝; 创伤, 伤害"
Chapter-21 身⼼健康,trauma,"n. 外伤, 身体上的伤; 精神创伤; 痛苦经历"
Chapter-21 身⼼健康,lump,n. 肿块; 块 v. 使成块状
Chapter-21 身⼼健康,pain,n. 痛苦; 疼痛 v. 使痛苦
Chapter-21 身⼼健康,death,"n. 死亡, 死; 毁灭"
Chapter-21 身⼼健康,mortal,"adj. 必死的; 致命的 n. 凡⼈, ⼈类"
Chapter-21 身⼼健康,demise,n. 死亡; 转让; 让位; 禅让
Chapter-21 身⼼健康,doom,n. 毁灭; 厄运 v. 使注定失败(或死亡等)
Chapter-21 身⼼健康,fatal,adj. 致命的; 毁灭性的; 灾难性的; 决定性的
Chapter-21 身⼼健康,lethal,adj. 致使的
Chapter-21 身⼼健康,corpus,n. ⼫体; ⽂集; 本⾦
Chapter-21 身⼼健康,overwork,n. 过度⼯作; 过度操劳 v. 过度⼯作
Chapter-21 身⼼健康,tire,"v. 疲劳, 困倦; 厌烦 n. 轮胎"
Chapter-21 身⼼健康,exhaust,v. 耗尽; ⽤完; 使精疲⼒竭
Chapter-21 身⼼健康,fatigue,n. 疲劳 v. 使疲劳
Chapter-21 身⼼健康,faint,adj. 模糊的; 微弱的; 虚弱的 v. 晕倒
Chapter-21 身⼼健康,feeble,adj. 虚弱的; 微弱的; ⽆⼒的
Chapter-21 身⼼健康,weary,adj. 疲倦的; 厌烦的
Chapter-21 身⼼健康,weaken,"v. 削弱, 减弱; 使虚弱; 变软弱"
Chapter-21 身⼼健康,uncomfortable,adj. 不舒服的; 不⾃在的
Chapter-21 身⼼健康,unconscious,adj. 失去知觉的; ⽆意识的
Chapter-21 身⼼健康,chronic,"adj. 慢性的, ⻓期的"
Chapter-21 身⼼健康,acute,"adj. 急性的; 敏锐的, 深刻的"
Chapter-21 身⼼健康,sore,adj. 疼痛的; 恼⽕的; 严重的
Chapter-21 身⼼健康,sorrow,n. 悲伤; 悲痛
Chapter-21 身⼼健康,suffering,n. 苦难; 折磨
Chapter-21 身⼼健康,lament,"n. 悲伤, 哀悼 v. 哀悼; 对…感到悔恨"
Chapter-21 身⼼健康,hospital,n. 医院
Chapter-21 身⼼健康,therapy,n. 治疗
Chapter-21 身⼼健康,health care,n. 医疗保健
Chapter-21 身⼼健康,sanitary,adj. 卫⽣的; 清洁的
Chapter-21 身⼼健康,medical,"adj. 医学的, 医疗的"
Chapter-21 身⼼健康,curative,adj. 治疗的 n. 药品
Chapter-21 身⼼健康,hygiene,"n. 卫⽣, 卫⽣学; 保健法"
Chapter-21 身⼼健康,fitness,v. 适合; 健康
Chapter-21 身⼼健康,clinic,n. ⻔诊
Chapter-21 身⼼健康,physician,n. 内科医⽣
Chapter-21 身⼼健康,surgeon,n. 外科医⽣
Chapter-21 身⼼健康,operation,n. 操作; ⼿术; 运转; 经营
Chapter-21 身⼼健康,cure,"v. 治好, 治愈 n. 疗法; 治疗"
Chapter-21 身⼼健康,heal,v. 治愈; 康复; 愈合
Chapter-21 身⼼健康,treatment,"n. 治疗, 疗法; 待遇"
Chapter-21 身⼼健康,check,"v. 检查, 核对 n. 账单"
Chapter-21 身⼼健康,prescription,"n. 处⽅, 药⽅; 秘决; 秘⽅"
Chapter-21 身⼼健康,transplant,v. 移植
Chapter-21 身⼼健康,X-ray,n. X射线; v. ⽤X射线检查
Chapter-21 身⼼健康,injection,n. 注射; 注射物; 单射
Chapter-21 身⼼健康,precaution,"n. 预防, 警惕; 预防措施"
Chapter-21 身⼼健康,vaccinate,"v. 给…接种疫苗, 预防接种"
Chapter-21 身⼼健康,quarantine,"n. 检疫, 隔离检疫期 v. 对…进⾏隔离检疫"
Chapter-21 身⼼健康,segregate,v. 隔离; 分开; 分享
Chapter-21 身⼼健康,isolate,"v. 使隔离, 使孤⽴, 使脱离"
Chapter-21 身⼼健康,pharmacy,n. 药房; 药剂学
Chapter-21 身⼼健康,medicine,n. 医学; 药物
Chapter-21 身⼼健康,remedy,"n. 药物, 治疗法; 解决⽅法"
Chapter-21 身⼼健康,drug,n. 药; 毒品
Chapter-21 身⼼健康,pill,"n. 药丸, 丸剂"
Chapter-21 身⼼健康,antibiotic,n. 抗⽣素
Chapter-21 身⼼健康,acupuncture,"n. 针灸, 中医针灸疗法"
Chapter-21 身⼼健康,penicillin,n. ⻘霉素
Chapter-21 身⼼健康,morphine,n. 吗啡
Chapter-21 身⼼健康,dose,n. ⼀剂 v. 给…服药
Chapter-21 身⼼健康,recovery,"n. 恢复, 痊愈"
Chapter-21 身⼼健康,refresh,v. 使恢复精神; 翻新; 刷新
Chapter-21 身⼼健康,relief,"n. 宽慰, 轻松; 减轻, 缓解"
Chapter-21 身⼼健康,relieve,"v. 救济; 减轻, 解除"
Chapter-21 身⼼健康,alleviate,"v. 减轻, 缓解"
Chapter-21 身⼼健康,resume,"v. 重新开始, (中断后)继续"
Chapter-21 身⼼健康,ease,"v. 减轻, 放松, 缓和 n. 容易; 悠闲"
Chapter-21 身⼼健康,relax,v. 放松
Chapter-21 身⼼健康,normal,adj. 正常的; 正规的; 规范的
Chapter-21 身⼼健康,common,"adj. 共同的; 普通的, 平常的"
Chapter-21 身⼼健康,usual,"adj. 通常的, 惯常的"
Chapter-21 身⼼健康,optimistic,"adj. 乐观的, 乐观主义的"
Chapter-21 身⼼健康,pessimistic,"adj. 悲观的, 悲观主义的"
Chapter-21 身⼼健康,positive,adj. 肯定的; 积极的; 绝对的
Chapter-21 身⼼健康,negative,adj. 否定的; 消极的
Chapter-21 身⼼健康,passive,"adj. 被动的, 消极的"
Chapter-21 身⼼健康,enthusiastic,"adj. 热⼼的, 热情的"
Chapter-21 身⼼健康,indifferent,adj. 漠不关⼼的; ⽆关紧要的; 平庸的; 中⽴的
Chapter-21 身⼼健康,apathetic,"adj. ⽆动于衷的, 莫不关⼼的"
Chapter-21 身⼼健康,negligible,"adj. 可以忽略的, 微不⾜道的"
Chapter-21 身⼼健康,happiness,"n. 幸福, 快乐; 适当"
Chapter-21 身⼼健康,delight,v. ⾼兴; 爱好 n. 兴趣
Chapter-21 身⼼健康,merry,"adj. 愉快的, 欢乐的; 微醉的"
Chapter-21 身⼼健康,fun,n. 乐趣; 玩笑 adj. 有趣的
Chapter-21 身⼼健康,joke,n. 笑话; 玩笑 v. 说笑话; 开玩笑
Chapter-21 身⼼健康,laughter,"n. 笑, 笑声"
Chapter-21 身⼼健康,joy,"n. 欢乐, 喜悦; 乐趣"
Chapter-21 身⼼健康,please,"v. 使⾼兴, 取悦 adv. 请"
Chapter-21 身⼼健康,rejoice,"v. ⾼兴, 欢喜"
Chapter-21 身⼼健康,thrill,n. 激动 v. 激动; 感到紧张
Chapter-21 身⼼健康,cheer,v. 喝彩; 使振作; 欢呼
Chapter-21 身⼼健康,pleasure,"n. 愉快, ⾼兴; 荣幸"
Chapter-21 身⼼健康,agreeable,adj. 令⼈愉快的; 同意的
Chapter-21 身⼼健康,exhilarate,"v. 使⾼兴, 使兴奋"
Chapter-21 身⼼健康,satisfactory,adj. 令⼈满意的
Chapter-21 身⼼健康,desirable,"adj. 可取的, 值得拥有的, 合意的"
Chapter-21 身⼼健康,exciting,"adj. 令⼈兴奋的, 使⼈激动的"
Chapter-21 身⼼健康,keen,adj. 强烈的; 敏锐的; 渴望的; 有强烈兴趣的
Chapter-21 身⼼健康,zeal,n. 热情; 激情
Chapter-21 身⼼健康,lively,adj. 活泼的; 活跃的; 栩栩如⽣的
Chapter-21 身⼼健康,lovely,adj. 可爱的; 令⼈愉快的
Chapter-21 身⼼健康,fond,adj. 喜爱的; 溺爱的
Chapter-21 身⼼健康,favour,"n. 偏爱; 赞同; 恩惠, 帮助"
Chapter-21 身⼼健康,surprising,"adj. 令⼈惊讶的, 出⼈意料的"
Chapter-21 身⼼健康,startle,v. 使⼤吃⼀惊 n. 吃惊
Chapter-21 身⼼健康,amazing,"adj. 令⼈惊叹的, 惊⼈的"
Chapter-21 身⼼健康,astound,"v. 使⼤吃⼀惊, 使惊骇"
Chapter-21 身⼼健康,hectic,"adj. 兴奋活跃的, 忙乱的, 繁忙的"
Chapter-21 身⼼健康,liberal,"adj. 慷慨的, ⼤⽅的; ⾃由主义的"
Chapter-21 身⼼健康,generous,adj. 慷慨的; 宽厚的
Chapter-21 身⼼健康,gentle,adj. 温和的; 柔和的; ⽂雅的; 出身名⻔的
Chapter-21 身⼼健康,humble,adj. 谦虚的; 卑微的
Chapter-21 身⼼健康,modest,"adj. 谦虚的, 谦逊的"
Chapter-21 身⼼健康,humorous,adj. 幽默的; 滑稽的
Chapter-21 身⼼健康,polite,adj. 有礼貌的; 客⽓的
Chapter-21 身⼼健康,frank,"adj. 坦⽩的, 直率的"
Chapter-21 身⼼健康,mysterious,adj. 神秘的; 不可思议的
Chapter-21 身⼼健康,curious,"adj. 好奇的, 好未知的"
Chapter-21 身⼼健康,daring,"adj. 勇敢的, ⼤胆的"
Chapter-21 身⼼健康,manly,adj. 有男⼦⽓概的; 果断的
Chapter-21 身⼼健康,direct,adj. 直接的; 直率的
Chapter-21 身⼼健康,earnest,"adj. 认真的, 诚恳的"
Chapter-21 身⼼健康,honesty,"n. 诚实, 正直"
Chapter-21 身⼼健康,proud,"adj. 骄傲的, ⾃豪的; 令⼈⾃豪的"
Chapter-21 身⼼健康,rational,adj. 理性的; 合理的
Chapter-21 身⼼健康,seriously,adv. 严肃地; 认真地; 严重地
Chapter-21 身⼼健康,stern,adj. 严厉的; 坚定的
Chapter-21 身⼼健康,friendly,"adj. 友好的, 友善的"
Chapter-21 身⼼健康,hospitable,adj. 好客的; 热情友好的
Chapter-21 身⼼健康,romantic,adj. 浪漫的; 充满传奇⾊彩的
Chapter-21 身⼼健康,freedom,"n. ⾃由, 独⽴⾃主"
Chapter-21 身⼼健康,careful,"adj. 仔细的, 细致的; ⼩⼼的, 谨慎的"
Chapter-21 身⼼健康,concern,n. 关⼼; 忧虑 v. 涉及; 使担忧; 关⼼
Chapter-21 身⼼健康,confidence,n. ⾃信; 信任; 信赖
Chapter-21 身⼼健康,considerate,"adj. 考虑周到的, 体谅的"
Chapter-21 身⼼健康,thoughtful,"adj. 认真思考的; 考虑周到的, 体贴的"
Chapter-21 身⼼健康,sympathetic,adj. 同情的; 和谐的
Chapter-21 身⼼健康,ready,adj. 准备好的; 愿意的
Chapter-21 身⼼健康,apologise,"v. 道歉, 赔罪"
Chapter-21 身⼼健康,apology,n. 道歉; 辩解
Chapter-21 身⼼健康,mercy,"n. 仁慈, 宽容, 怜悯"
Chapter-21 身⼼健康,admire,"v. 赞美, 钦佩, 仰慕"
Chapter-21 身⼼健康,remarkable,"adj. 值得注意的; ⾮凡的, 卓越的"
Chapter-21 身⼼健康,grateful,adj. 感激的; 表示感激的
Chapter-21 身⼼健康,gratitude,"n. 感激, 感谢, 感恩"
Chapter-21 身⼼健康,eager,"adj. 渴望的, 热切的"
Chapter-21 身⼼健康,sound,adj. 健全的; 酣畅的; 合理的 n. 声⾳ v. 发出声⾳; 听起来
Chapter-21 身⼼健康,picturesque,adj. 如画的; 独特的
Chapter-21 身⼼健康,promising,"adj. ⼤有希望的, 有前途的"
Chapter-21 身⼼健康,prominent,"adj. 突出的, 显著的; 重要的, 杰出的"
Chapter-21 身⼼健康,awesome,"adj. 卓越的, 引起敬畏的"
Chapter-21 身⼼健康,arduous,adj. ⾟勤的; 费⼒的; 陡峭的
Chapter-21 身⼼健康,tough,"adj. 艰难的; 坚强的, 坚忍不拔的; 强硬的"
Chapter-21 身⼼健康,robust,"adj. 强壮的, 强健的"
Chapter-21 身⼼健康,sturdy,adj. 强健的; 坚定的
Chapter-21 身⼼健康,steadfast,adj. 坚定的
Chapter-21 身⼼健康,tender,adj. 脆弱的; 温柔的; 软弱的; 疼痛的
Chapter-21 身⼼健康,temperate,adj. 温和的; 温带的; 有节制的; ⼼平⽓和的
Chapter-21 身⼼健康,delicate,adj. 精致的; 微妙的; 脆弱的
Chapter-21 身⼼健康,mundane,"adj. 平凡的, 世俗的; 世界的"
Chapter-21 身⼼健康,naive,adj. 天真的; 幼稚的
Chapter-21 身⼼健康,childish,adj. 孩⼦般的; 幼稚的
Chapter-21 身⼼健康,sincere,"adj. 真诚的, 诚挚的"
Chapter-21 身⼼健康,liable,"adj. 有责任的; 有…倾向的, 可能的"
Chapter-21 身⼼健康,trustworthy,"adj. 值得信赖的, 可靠的"
Chapter-21 身⼼健康,enterprising,"adj. 有事业⼼的, 有进取⼼的; 有魄⼒的"
Chapter-21 身⼼健康,sane,adj. ⼼智健全的; 理智的
Chapter-21 身⼼健康,strenuous,"adj. 发奋的; 繁重的, 艰苦的"
Chapter-21 身⼼健康,rigorous,"adj. 严格的, 严厉的; ⼀丝不苟的"
Chapter-21 身⼼健康,strict,adj. 严格的; 严厉的
Chapter-21 身⼼健康,severe,adj. 严厉的; ⼗分严重的; 限巨的
Chapter-21 身⼼健康,mutual,"adj. 相互的, 彼此的; 共同的"
Chapter-21 身⼼健康,resemble,"v. 与…相像, 类似"
Chapter-21 身⼼健康,similar,"adj. 相似的, 类似的"
Chapter-21 身⼼健康,familiar,adj. 熟悉的
Chapter-21 身⼼健康,naked,"adj. 裸体的, ⾚条条的"
Chapter-21 身⼼健康,bare,adj. ⾚裸的; ⽆遮蔽的
Chapter-21 身⼼健康,private,adj. 私⼈的; 个⼈的; 私下的
Chapter-21 身⼼健康,intuition,n. 直觉
Chapter-21 身⼼健康,spontaneous,"adj. ⾃发的, ⾃然的, 本能的; ⾃然产⽣的"
Chapter-21 身⼼健康,implicit,"adj. 暗示的, 含蓄的; 不怀疑的, ⽆保留的"
Chapter-21 身⼼健康,illusion,n. 错觉; 幻想
Chapter-21 身⼼健康,imaginary,"adj. 想像的, 虚构的"
Chapter-21 身⼼健康,fancy,"n. 想象⼒; 爱好 v. 认为, 想象"
Chapter-21 身⼼健康,fate,"n. 命运, 宿命"
Chapter-21 身⼼健康,fortune,n. 命运; 运⽓; 财产
Chapter-21 身⼼健康,agony,n. 极度的痛苦; 挣扎
Chapter-21 身⼼健康,grief,n. 极度悲伤
Chapter-21 身⼼健康,grieve,v. (使)悲伤
Chapter-21 身⼼健康,miserable,"adj. 极不愉快的, 痛苦的"
Chapter-21 身⼼健康,distress,"n. 悲痛; 穷困, 不幸 v. 使伤⼼, 使忧虑"
Chapter-21 身⼼健康,sadness,"n. 悲伤, 悲哀"
Chapter-21 身⼼健康,gloomy,adj. 幽暗的; 令⼈沮丧的
Chapter-21 身⼼健康,disappoint,v. 使失望; 使受挫折
Chapter-21 身⼼健康,discourage,"v. 使灰⼼, 使⽓馁; 劝阻"
Chapter-21 身⼼健康,wretched,"adj. 不幸的, 可怜的, 悲惨的; 恶劣的"
Chapter-21 身⼼健康,frustrating,"adj. 令⼈灰⼼的, 使⼈沮丧的"
Chapter-21 身⼼健康,mourn,"v. 哀痛, 哀悼"
Chapter-21 身⼼健康,anger,"n. 怒, 怒⽓ v. 使发怒"
Chapter-21 身⼼健康,furious,"adj. 狂怒的, 暴怒的"
Chapter-21 身⼼健康,frown,"n. 皱眉, 不悦 v. 皱眉, 表示不悦"
Chapter-21 身⼼健康,rage,"n. 盛怒, 狂怒"
Chapter-21 身⼼健康,irritate,"v. 激怒, 使急躁; 刺激"
Chapter-21 身⼼健康,hate,"v. 恨, 憎恨; 不喜欢"
Chapter-21 身⼼健康,hatred,"n. 憎恶, 憎恨, 仇恨"
Chapter-21 身⼼健康,nuisance,n. 讨厌或麻烦的⼈(或事物)
Chapter-21 身⼼健康,disgust,"v. 使厌恶, 使作呕 n. 厌恶, 嫌恶"
Chapter-21 身⼼健康,vex,v. 使烦扰
Chapter-21 身⼼健康,harass,v. 烦扰
Chapter-21 身⼼健康,bore,v. 烦扰; 钻孔 n. 讨厌的⼈; 令⼈⽣厌的事
Chapter-21 身⼼健康,bother,"v. 花费时间精⼒(做某事); 使苦恼 n. 麻烦, 困难"
Chapter-21 身⼼健康,troublesome,adj. 令⼈烦恼的; 麻烦的
Chapter-21 身⼼健康,awful,"adj. 令⼈不愉快的, 极讨厌的"
Chapter-21 身⼼健康,unpleasant,"adj. 令⼈不愉快的, 讨厌的"
Chapter-21 身⼼健康,adverse,"adj. 敌对的, 不友好的; 不利的"
Chapter-21 身⼼健康,hostile,"adj. 怀有敌意的, 不友善的; 敌对的"
Chapter-21 身⼼健康,indignant,"adj. 愤慨的, 义愤的"
Chapter-21 身⼼健康,radical,adj. 激进的; 根本的
Chapter-21 身⼼健康,mad,adj. 发疯的; 恼⽕的
Chapter-21 身⼼健康,crazy,adj. 疯狂的; 荒唐的
Chapter-21 身⼼健康,wicked,"adj. 邪恶的, 缺德的"
Chapter-21 身⼼健康,vicious,"adj. 邪恶的, 不道德的"
Chapter-21 身⼼健康,vulgar,"adj. 粗俗的, 庸俗的"
Chapter-21 身⼼健康,mean,adj. 卑鄙的; 吝啬的 v. 意思是
Chapter-21 身⼼健康,ego,"n. ⾃我, ⾃尊; ⾃负"
Chapter-21 身⼼健康,selfish,"adj. ⾃私的, 利⼰主义者"
Chapter-21 身⼼健康,nasty,adj. 下流的; 肮脏的; 险恶的
Chapter-21 身⼼健康,rash,"adj. 草率的, 鲁莽的"
Chapter-21 身⼼健康,volatile,"adj. 易变的, 反复⽆常的; 易挥发的"
Chapter-21 身⼼健康,weird,"adj. 怪诞的, 古怪的"
Chapter-21 身⼼健康,excessive,"adj. 过分的, 过多的"
Chapter-21 身⼼健康,anxiety,"n. 焦虑, 担⼼; 渴望"
Chapter-21 身⼼健康,restless,"adj. 不安的, 焦躁不安的, 不耐烦的"
Chapter-21 身⼼健康,uneasy,adj. ⼼神不安的
Chapter-21 身⼼健康,fear,v. n. 害怕; 担⼼
Chapter-21 身⼼健康,timid,"adj. 胆⼩的, 羞怯的"
Chapter-21 身⼼健康,fuss,"n. ⼤惊⼩怪, ⽆谓的纷扰"
Chapter-21 身⼼健康,insult,"v. n. 侮辱, 凌辱"
Chapter-21 身⼼健康,unkind,"adj. 不仁慈的, 不和善的, 刻薄的"
Chapter-21 身⼼健康,envy,v. n. 羡慕; 妒忌
Chapter-21 身⼼健康,jealous,"adj. 嫉妒的, 妒忌的"
Chapter-21 身⼼健康,doubt,"n. 怀疑, 疑问 v. 怀疑, 不信"
Chapter-21 身⼼健康,suspicion,"n. 怀疑, 嫌疑"
Chapter-21 身⼼健康,sceptical,adj. 怀疑的
Chapter-21 身⼼健康,unsatisfactory,"adj. 不能令⼈满意的, 不符合要求的, 不⾜的"
Chapter-21 身⼼健康,unstable,adj. 不稳定的; 易变的; 不牢固的
Chapter-21 身⼼健康,unsuitable,adj. 不合适的; 合适宜的; 不相称的
Chapter-21 身⼼健康,unwilling,"adj. 不愿意的, 不情愿的; 勉强的"
Chapter-21 身⼼健康,reluctant,adj. 不情愿的; 勉强的
Chapter-21 身⼼健康,hesitate,"v. 犹豫不决, 踌躇; 顾虑"
Chapter-21 身⼼健康,confuse,"v. 使困惑, 把(某⼈)弄糊涂; 混淆"
Chapter-21 身⼼健康,guilty,adj. 有罪的; 内疚的
Chapter-21 身⼼健康,embarrass,"v. 使尴尬, 使窘迫, 使促局不安"
Chapter-21 身⼼健康,regret,"n. 遗憾; 抱歉; 悲叹 v. 后悔; 痛惜, 惋惜"
Chapter-21 身⼼健康,repent,v. 忏悔; 后悔
Chapter-21 身⼼健康,ashamed,"adj. 惭愧的, 感到难为情的; 耻于…的"
Chapter-21 身⼼健康,sigh,"n. v. 叹⽓, 叹息"
Chapter-21 身⼼健康,weep,"v. 哭泣, 流泪; 哀悼 n. 哭泣"
Chapter-21 身⼼健康,tolerance,"n. 忍受, 容忍, 宽容"
Chapter-21 身⼼健康,ignorant,"adj. ⽆知的, 没有学识的, 愚昧"
Chapter-21 身⼼健康,endure,"v. 忍耐, 忍受; 持久"
Chapter-21 身⼼健康,sly,"adj. 狡猾的, 狡诈的"
Chapter-21 身⼼健康,cunning,n. 狡猾的; 巧妙的
Chapter-21 身⼼健康,arbitrary,"adj. 武断的, 专断的; 任意的"
Chapter-21 身⼼健康,ridiculous,"adj. 荒谬的, 可笑的"
Chapter-21 身⼼健康,stupid,"adj. 愚蠢的; 麻⽊的; 乏味的 n. 傻⽠, 笨蛋"
Chapter-21 身⼼健康,awkward,adj. 笨拙的; 尴尬的; 棘⼿的; 不合适的
Chapter-21 身⼼健康,clumsy,adj. 笨拙的
Chapter-21 身⼼健康,careless,adj. 粗⼼的; ⽆忧⽆虑的; 淡漠的
Chapter-21 身⼼健康,oblivious,"adj. 不知道的, 未注意的"
Chapter-21 身⼼健康,naughty,adj. 顽⽪的; 不听话的; 粗俗的
Chapter-22 时间⽇期,greedy,adj. 贪吃的; 贪婪的
Chapter-22 时间⽇期,obtrusive,"adj. 过分炫耀的, 过分突出的, 扎眼的"
Chapter-22 时间⽇期,slothful,"adj. 偷懒的, 懒散的"
Chapter-22 时间⽇期,sluggish,adj. ⾏动迟缓的
Chapter-22 时间⽇期,impulse,"n. 冲动, ⼼⾎来潮"
Chapter-22 时间⽇期,rigid,adj. 固执的; 严格的; 刚硬的
Chapter-22 时间⽇期,stubborn,"adj. 顽固的, 固执的"
Chapter-22 时间⽇期,stereotype,"n. ⽼⼀套, 模式化观念, 刻板印象"
Chapter-22 时间⽇期,daily,adj. 每⽇的 n. ⽇报
Chapter-22 时间⽇期,monthly,adj. 每⽉的 adv. 每⽉⼀次 n. ⽉刊
Chapter-22 时间⽇期,quarterly,adj. 季度的 adv. 按季度地 n. 季刊
Chapter-22 时间⽇期,annual,adj. 每年的; ⼀年的 n. 年报
Chapter-22 时间⽇期,yearly,adj. 每年的; ⼀年的 n. 年报
Chapter-22 时间⽇期,anniversary,n. 周年纪念⽇
Chapter-22 时间⽇期,era,"n. 时代, 年代, 纪元"
Chapter-22 时间⽇期,present,"adj. 现在的 n. ⽬前; 礼物, 赠送物"
Chapter-22 时间⽇期,contemporary,adj. 当代的; 同时代的
Chapter-22 时间⽇期,medieval,adj. 中世纪的; 守旧的
Chapter-22 时间⽇期,century,n. 世纪; 百年
Chapter-22 时间⽇期,millennium,"n. ⼀千年, 千年期; 千禧年"
Chapter-22 时间⽇期,million,num. 百万; ⼤量
Chapter-22 时间⽇期,billion,num. ⼗亿; ⼤量
Chapter-22 时间⽇期,dozen,"n. ⼀打, ⼗⼆个; ⼗来个"
Chapter-22 时间⽇期,dawn,n. 黎明; 开端 v. 破晓
Chapter-22 时间⽇期,midday,"n. 正午, 中午"
Chapter-22 时间⽇期,midnight,"n. 午夜, ⼦夜, 半夜"
Chapter-22 时间⽇期,overnight,"adv. 在晚上; 突然, ⼀夜之间"
Chapter-22 时间⽇期,night,"n. 夜, 间; 晚上; 夜场"
Chapter-22 时间⽇期,modern,adj. 现代的; 近代的
Chapter-22 时间⽇期,recent,"adj. 新近的, 最近的"
Chapter-22 时间⽇期,up-to-date,adj. 直到⽬前的; 现代的
Chapter-22 时间⽇期,secondly,"adv. 第⼆, 其次"
Chapter-22 时间⽇期,finally,adv. 最后; 终于; 决定性地
Chapter-22 时间⽇期,finish,"v. 完成; 结束 n. 结尾, 最后部分"
Chapter-22 时间⽇期,immediately,adv. ⽴即; 直接地
Chapter-22 时间⽇期,instant,n. 瞬间 adj. ⽴即的
Chapter-22 时间⽇期,moment,n. ⽚刻; 时刻
Chapter-22 时间⽇期,minute,n. 分钟; ⼀会⼉; 时刻
Chapter-22 时间⽇期,prior,"adj. 在先的, 在前的"
Chapter-22 时间⽇期,former,adj. 以前的; 前者的 pron. 前者
Chapter-22 时间⽇期,preceding,"adj. 在前的, 在先的"
Chapter-22 时间⽇期,precedent,n. 先例; 常规
Chapter-22 时间⽇期,foremost,adj. 最前的; 最重要的
Chapter-22 时间⽇期,opening,"adj. 开始的 n. 开始, 开端"
Chapter-22 时间⽇期,initially,adv. 开始; 最初
Chapter-22 时间⽇期,intermediate,adj. 中间的
Chapter-22 时间⽇期,midst,"n. 中间, 中部"
Chapter-22 时间⽇期,meantime,"n. 其间, 同时"
Chapter-22 时间⽇期,meanwhile,"adv. 同时, 其间"
Chapter-22 时间⽇期,simultaneous,"adj. 同时发⽣的, 同时存在的"
Chapter-22 时间⽇期,ongoing,adj. 进⾏中的; 继续存在的
Chapter-22 时间⽇期,everlasting,adj. 永恒的
Chapter-22 时间⽇期,permanent,adj. 永久的
Chapter-22 时间⽇期,punctual,"adj. 准时的, 守时的"
Chapter-22 时间⽇期,duration,n. 持续时间; 期间
Chapter-22 时间⽇期,consecutive,adj. 连续不断的
Chapter-22 时间⽇期,periodically,"adv. 周期性地, 定期地"
Chapter-22 时间⽇期,imminent,"adj. 即将发⽣的, 逼近的"
Chapter-22 时间⽇期,incidentally,adv. 偶然地; 顺便提⼀句
